target,model,split,calibration,anchors,events,prevalence,pr_auc,roc_auc,brier,ece,calibration_intercept,calibration_slope,precision,recall,false_alerts_per_100,alert_rate,tn,fp,fn,tp,threshold
S1,LOGISTIC,TRAIN,RAW,1748,411,0.2351258581235698,0.8421137124104681,0.8955554706309473,0.1025598515989624,0.12964241790175215,-1.1350903121596123,1.0686480310925324,0.9885714285714285,0.4209245742092457,0.11441647597254005,0.10011441647597254,1335,2,238,173,0.9783496628957766
S1,LOGISTIC,VALIDATION,RAW,1872,327,0.17467948717948717,0.47949038714079584,0.7720218124956701,0.2451360299072039,0.2658300094303809,-1.7920039192447792,0.36943887038167184,0.5957446808510638,0.3425076452599388,4.05982905982906,0.10042735042735043,1469,76,215,112,0.9783496628957766
S1,LOGISTIC,TEST,RAW,2340,628,0.26837606837606837,0.5933325063517475,0.8191679936305732,0.2502366069103254,0.2456293159972882,-1.5069978431388475,0.37140328863364214,0.6817155756207675,0.48089171974522293,6.0256410256410255,0.1893162393162393,1571,141,326,302,0.9783496628957766
S1,HIST_GB,TRAIN,RAW,1748,411,0.2351258581235698,0.933091775977395,0.9649658694065772,0.05200589008569092,0.03967210979524778,1.3046329867283815,1.8157166539331449,1.0,0.5279805352798054,0.0,0.12414187643020595,1337,0,194,217,0.9488417653129818
S1,HIST_GB,VALIDATION,RAW,1872,327,0.17467948717948717,0.60869753980437,0.7995041714913452,0.1609344544074991,0.15355444240862956,-1.4462584702281893,0.5155160448678154,0.7021276595744681,0.4036697247706422,2.9914529914529915,0.10042735042735043,1489,56,195,132,0.9488417653129818
S1,HIST_GB,TEST,RAW,2340,628,0.26837606837606837,0.669636984370824,0.8392566149770819,0.18567804458864098,0.1716910857755365,-1.2666297022984145,0.5259830140133673,0.7322175732217573,0.5573248407643312,5.47008547008547,0.20427350427350427,1584,128,278,350,0.9488417653129818
S1,RANDOM_FOREST,TRAIN,RAW,1748,411,0.2351258581235698,0.9991436097971209,0.9997470459884951,0.021621282982671502,0.09567999021633893,-0.8503839864435428,6.642702943447205,1.0,0.6666666666666666,0.0,0.15675057208237986,1337,0,137,274,0.9227566563146997
S1,RANDOM_FOREST,VALIDATION,RAW,1872,327,0.17467948717948717,0.6884712948775403,0.8200003958710649,0.1765977482828139,0.22307575800603954,-1.7963316294310288,0.6476480662654593,0.8031914893617021,0.4617737003058104,1.9764957264957266,0.10042735042735043,1508,37,176,151,0.9227566563146997
S1,RANDOM_FOREST,TEST,RAW,2340,628,0.26837606837606837,0.6970218483817646,0.8484796342044169,0.1954080719012689,0.2198016078660588,-1.5226162510234065,0.6892205956249771,0.7340909090909091,0.5143312101910829,5.0,0.18803418803418803,1595,117,305,323,0.9227566563146997
S1,XGBOOST,TRAIN,RAW,1748,411,0.2351258581235698,0.9930856464366488,0.9974067664288172,0.02247578650712967,0.05028347646310346,2.3813159465789795,2.9250402450561523,1.0,0.5717761557177615,0.0,0.13443935926773457,1337,0,176,235,0.9602303504943848
S1,XGBOOST,VALIDATION,RAW,1872,327,0.17467948717948717,0.647724423173355,0.8126520392308225,0.15069426596164703,0.15078624384278735,-1.3480801582336426,0.45992764830589294,0.7446808510638298,0.42813455657492355,2.5641025641025643,0.10042735042735043,1497,48,187,140,0.9602303504943848
S1,XGBOOST,TEST,RAW,2340,628,0.26837606837606837,0.7395691387955428,0.8464743065063396,0.17830412089824677,0.1664900495471735,-1.2156825065612793,0.46232300996780396,0.756578947368421,0.5493630573248408,4.743589743589744,0.19487179487179487,1601,111,283,345,0.9602303504943848
S1,RULE,TRAIN,NONE,1748,411,0.2351258581235698,0.4266825279828671,0.6765164047045806,0.17906178489702518,0.17906178489702518,-0.3761287469360948,0.09182386945628261,0.7094017094017094,0.40389294403892945,3.8901601830663615,0.13386727688787187,1269,68,245,166,0.5
S1,RULE,VALIDATION,NONE,1872,327,0.17467948717948717,0.1924463053035173,0.5518719752976455,0.4412393162393162,0.4412393162393162,-1.5484476955065742,0.015080525728075937,0.20750293083235638,0.5412844036697247,36.111111111111114,0.45566239316239315,869,676,150,177,0.5
S1,RULE,TEST,NONE,2340,628,0.26837606837606837,0.30768405596759585,0.5794522739448776,0.4132478632478632,0.4132478632478633,-0.9925953906314435,0.02322443998850533,0.33810888252148996,0.5636942675159236,29.615384615384617,0.44743589743589746,1019,693,274,354,0.5
S1,HIST_GB_PLATT,TEST,PLATT_VALIDATION_ONLY,2340,628,0.26837606837606837,0.669636984370824,0.8392566149770819,0.1324010108461717,0.04629292590343469,0.20977877249936885,1.0209052698270338,0.7322175732217573,0.5573248407643312,5.47008547008547,0.20427350427350427,1584,128,278,350,0.5145408212299842
S2,LOGISTIC,TRAIN,RAW,554,113,0.20397111913357402,0.5825652602091398,0.7865872012521824,0.17908906964055255,0.2189325402842268,-1.3630643223551382,1.083955151687895,0.0,0.0,0.0,0.0,441,0,113,0,0.9999520526773943
S2,LOGISTIC,VALIDATION,RAW,1723,436,0.253047011027278,0.3945536527072921,0.7015087359124056,0.45932064447269344,0.5001952302646984,-1.6561597785234121,0.14513239457497243,0.4508670520231214,0.17889908256880735,5.513639001741149,0.1004062681369704,1192,95,358,78,0.9999520526773943
S2,LOGISTIC,TEST,RAW,2711,1427,0.5263740317226115,0.5294575032335367,0.5679791384229818,0.3257803365790784,0.2615315497988756,0.037890061532242565,0.018845728734829554,0.39882697947214074,0.09530483531885074,7.561785319070454,0.12578384360014755,1079,205,1291,136,0.9999520526773943
S2,HIST_GB,TRAIN,RAW,554,113,0.20397111913357402,0.9027456113721086,0.9640499267553629,0.06541465659986072,0.07173428996423785,1.2607756972130442,2.252974823632577,1.0,0.20353982300884957,0.0,0.04151624548736462,441,0,90,23,0.9233819155808701
S2,HIST_GB,VALIDATION,RAW,1723,436,0.253047011027278,0.6274393898056208,0.8455880256338972,0.14821280596578987,0.11027841102975947,-0.843565239553449,0.6267316398394561,0.6994219653179191,0.2775229357798165,3.0179918746372607,0.1004062681369704,1235,52,315,121,0.9233819155808701
S2,HIST_GB,TEST,RAW,2711,1427,0.5263740317226115,0.7265067268782941,0.7600643028203298,0.21913758548261342,0.14600625328946257,0.01917397997499522,0.4200754174566084,0.7672672672672672,0.358093903293623,5.717447436370343,0.24566580597565474,1129,155,916,511,0.9233819155808701
S2,RANDOM_FOREST,TRAIN,RAW,554,113,0.20397111913357402,0.9994592474012489,0.9998595308329822,0.045026920661704155,0.17024736051234107,-4.329509070157393,8.77850923348993,1.0,0.46017699115044247,0.0,0.09386281588447654,441,0,61,52,0.8582215158915162
S2,RANDOM_FOREST,VALIDATION,RAW,1723,436,0.253047011027278,0.6363978194964293,0.8393907315925665,0.19325943580689373,0.23442292108956714,-1.4909344931123665,1.1274761834625395,0.6936416184971098,0.27522935779816515,3.0760301799187464,0.1004062681369704,1234,53,316,120,0.8582215158915162
S2,RANDOM_FOREST,TEST,RAW,2711,1427,0.5263740317226115,0.7725359489058844,0.7784115096699828,0.2023203824386738,0.10707736360250929,-0.4608452857661536,0.7532864441973067,0.7837837837837838,0.42676944639103015,6.196975285872372,0.2866101069715972,1116,168,818,609,0.8582215158915162
S2,XGBOOST,TRAIN,RAW,554,113,0.20397111913357402,0.9953325470082164,0.9985953083298216,0.024607397615909576,0.07858427631456931,2.079019069671631,4.088201999664307,1.0,0.2831858407079646,0.0,0.05776173285198556,441,0,81,32,0.9017208218574524
S2,XGBOOST,VALIDATION,RAW,1723,436,0.253047011027278,0.6745716329258472,0.8494605547357842,0.14237123727798462,0.10515840561737241,-0.8691749572753906,0.7192556858062744,0.7572254335260116,0.30045871559633025,2.4376088218224026,0.1004062681369704,1245,42,305,131,0.9017208218574524
S2,XGBOOST,TEST,RAW,2711,1427,0.5263740317226115,0.7741492168310813,0.7770260682389258,0.20229607820510864,0.11014249836198081,-0.049750108271837234,0.4874342083930969,0.7976539589442815,0.38121934127540297,5.090372556252305,0.2515676872002951,1146,138,883,544,0.9017208218574524
S2,RULE,TRAIN,NONE,554,113,0.20397111913357402,0.25104030222676593,0.5430036321313186,0.1931407942238267,0.1931407942238267,-0.33212229757227346,0.0811078063176299,0.6875,0.09734513274336283,0.9025270758122743,0.02888086642599278,436,5,102,11,0.5
S2,RULE,VALIDATION,NONE,1723,436,0.253047011027278,0.2708630048847806,0.5415579578423616,0.4503772489843297,0.4503772489843296,-1.0769674715944844,0.012072968958102928,0.2869674185463659,0.5252293577981652,33.02379570516541,0.4631456761462565,718,569,207,229,0.5
S2,RULE,TEST,NONE,2711,1427,0.5263740317226115,0.5225182937733381,0.49212533319361573,0.5123570638140907,0.5123570638140907,0.10007997506558516,-0.0023479710750382494,0.5169039145907474,0.4071478626489138,20.029509406123204,0.41460715603098486,741,543,846,581,0.5
S2,HIST_GB_PLATT,TEST,PLATT_VALIDATION_ONLY,2711,1427,0.5263740317226115,0.7265067268782941,0.7600643028203298,0.21950843862710404,0.13591031476780865,0.5845315293841087,0.6707014659811815,0.7672672672672672,0.358093903293623,5.717447436370343,0.24566580597565474,1129,155,916,511,0.671480777336411
