target,model,history_band,anchors,events,prevalence,pr_auc,roc_auc,brier,ece,calibration_intercept,calibration_slope,precision,recall,false_alerts_per_100,alert_rate,tn,fp,fn,tp,threshold
S1,LOGISTIC,2-3,603,158,0.2620232172470978,0.5253368034155941,0.7836723083487414,0.1917142712858663,0.1292277376213953,-0.8470908292463596,0.32089053951629337,0.5609756097560976,0.14556962025316456,2.985074626865672,0.06799336650082918,427,18,135,23,0.9783496628957766
S1,LOGISTIC,4-6,234,21,0.08974358974358974,0.24650623968908147,0.7339593114241002,0.1818042771393365,0.2039859366991562,-2.0964767108017472,0.31024610897848265,0.2857142857142857,0.09523809523809523,2.1367521367521367,0.029914529914529916,208,5,19,2,0.9783496628957766
S1,LOGISTIC,7-12,419,54,0.1288782816229117,0.31872846693357204,0.7915778792491122,0.19137369017449546,0.21294818349407119,-1.8662675710898902,0.34237213632830005,0.43478260869565216,0.18518518518518517,3.1026252983293556,0.05489260143198091,352,13,44,10,0.9783496628957766
S1,LOGISTIC,>12,1084,395,0.3643911439114391,0.6780854816869385,0.8541566386801638,0.3203156619474777,0.37826214720284335,-2.0492598822477777,0.49927124453931465,0.717741935483871,0.6759493670886076,9.686346863468634,0.34317343173431736,584,105,128,267,0.9783496628957766
S1,HIST_GB,2-3,603,158,0.2620232172470978,0.4745268242042942,0.7266462807566492,0.18235515429080218,0.09607163089486957,-0.5287808365090962,0.4807404031368371,0.6,0.0189873417721519,0.33167495854063017,0.008291873963515755,443,2,155,3,0.9488417653129818
S1,HIST_GB,4-6,234,21,0.08974358974358974,0.1904590480411774,0.664319248826291,0.19902679156820247,0.23370495137273678,-2.0985562330673164,0.32454176492668735,0.25,0.047619047619047616,1.2820512820512822,0.017094017094017096,210,3,20,1,0.9488417653129818
S1,HIST_GB,7-12,419,54,0.1288782816229117,0.2504768313561484,0.6853881278538813,0.19613584633899606,0.1928209768795983,-1.6756749706169904,0.32051344965404643,0.2857142857142857,0.07407407407407407,2.386634844868735,0.03341288782816229,355,10,50,4,0.9488417653129818
S1,HIST_GB,>12,1084,395,0.3643911439114391,0.7742689398728098,0.9096360529845124,0.1806026544806896,0.2133025319792935,-2.0821260713767074,0.7757549616047134,0.7516483516483516,0.8658227848101265,10.424354243542435,0.41974169741697415,576,113,53,342,0.9488417653129818
S1,RANDOM_FOREST,2-3,603,158,0.2620232172470978,0.505916434166809,0.7537619115346323,0.1819924750937305,0.1390857767598822,-0.8094534778055688,0.7344080849200846,0.0,0.0,0.0,0.0,445,0,158,0,0.9227566563146997
S1,RANDOM_FOREST,4-6,234,21,0.08974358974358974,0.23523754469015376,0.702325061479991,0.19713055906967777,0.27434019601818777,-2.175794685695009,0.4862747480455223,0.3333333333333333,0.047619047619047616,0.8547008547008547,0.01282051282051282,211,2,20,1,0.9227566563146997
S1,RANDOM_FOREST,7-12,419,54,0.1288782816229117,0.2931064198096287,0.6962962962962963,0.2070959777665515,0.244516418633744,-1.7966026960461274,0.42713760186617933,0.4,0.07407407407407407,1.431980906921241,0.02386634844868735,359,6,50,4,0.9227566563146997
S1,RANDOM_FOREST,>12,1084,395,0.3643911439114391,0.8050594973057658,0.9038507468170711,0.19798123640309973,0.25235621694291305,-2.2329806021978325,0.9209115955826628,0.7447306791569087,0.8050632911392405,10.055350553505535,0.39391143911439114,580,109,77,318,0.9227566563146997
S1,XGBOOST,2-3,603,158,0.2620232172470978,0.4995724555521925,0.7290712558668753,0.17961904406547546,0.11580140782430594,-0.5164147615432739,0.4171585738658905,0.0,0.0,0.33167495854063017,0.003316749585406302,443,2,158,0,0.9602303504943848
S1,XGBOOST,4-6,234,21,0.08974358974358974,0.2285789052373422,0.703331097697295,0.1580180674791336,0.19399944680114078,-1.9402074813842773,0.3493896424770355,0.0,0.0,1.2820512820512822,0.01282051282051282,210,3,21,0,0.9602303504943848
S1,XGBOOST,7-12,419,54,0.1288782816229117,0.2754517270244664,0.654490106544901,0.17961910367012024,0.17455367599936258,-1.5521129369735718,0.24762246012687683,0.75,0.05555555555555555,0.2386634844868735,0.00954653937947494,364,1,51,3,0.9602303504943848
S1,XGBOOST,>12,1084,395,0.3643911439114391,0.8740956168108815,0.9290588083996252,0.181443452835083,0.20228843189899665,-2.1939899921417236,0.6961818337440491,0.7651006711409396,0.8658227848101265,9.686346863468634,0.4123616236162362,584,105,53,342,0.9602303504943848
S2,LOGISTIC,2-3,243,158,0.6502057613168725,0.7811508505066324,0.6486969471332836,0.2554162484296436,0.23387393013681249,0.4232210476497195,0.27047760118946995,1.0,0.04430379746835443,0.0,0.02880658436213992,85,0,151,7,0.9999520526773943
S2,LOGISTIC,4-6,205,92,0.44878048780487806,0.4891440653229372,0.5663716814159291,0.3974510460620042,0.39262681234198576,-0.4151208787694775,0.047965971663651255,0.5384615384615384,0.15217391304347827,5.853658536585366,0.12682926829268293,101,12,78,14,0.9999520526773943
S2,LOGISTIC,7-12,291,93,0.31958762886597936,0.34545206387577543,0.5566416856739437,0.4897699224428919,0.491125374521579,-0.9454104401292338,0.03288119194306411,0.27906976744186046,0.25806451612903225,21.305841924398624,0.29553264604810997,136,62,69,24,0.9999520526773943
S2,LOGISTIC,>12,1972,1084,0.5496957403651116,0.5575407228560734,0.5828533792094678,0.30280113195937414,0.2533806058635803,0.10107264201705185,0.028010660176951228,0.4099099099099099,0.08394833948339483,6.643002028397566,0.11257606490872211,757,131,993,91,0.9999520526773943
S2,HIST_GB,2-3,243,158,0.6502057613168725,0.8016924739852487,0.7148175725986597,0.23776061038177654,0.18054737756804504,0.8362217982113255,0.5521652119903887,1.0,0.006329113924050633,0.0,0.00411522633744856,85,0,157,1,0.9233819155808701
S2,HIST_GB,4-6,205,92,0.44878048780487806,0.6609330035992347,0.7425933051173528,0.2163572338605786,0.11091591065774739,-0.15158411060294014,0.551754225051287,0.5,0.010869565217391304,0.4878048780487805,0.00975609756097561,112,1,91,1,0.9233819155808701
S2,HIST_GB,7-12,291,93,0.31958762886597936,0.40147929788398856,0.5945204735527316,0.3217524781063761,0.3086892018221883,-0.7392132540919769,0.17273116053616347,0.6,0.03225806451612903,0.6872852233676976,0.01718213058419244,196,2,90,3,0.9233819155808701
S2,HIST_GB,>12,1972,1084,0.5496957403651116,0.748581313556848,0.7792288944848909,0.2019893315670483,0.1376721925540299,0.058236216451466115,0.43385377453114066,0.7689969604863222,0.466789667896679,7.707910750507099,0.33367139959432046,736,152,578,506,0.9233819155808701
S2,RANDOM_FOREST,2-3,243,158,0.6502057613168725,0.8259766675641644,0.748994787788533,0.18804861010046547,0.07846704188434037,0.37646099612534756,1.1108795985288873,1.0,0.0189873417721519,0.0,0.012345679012345678,85,0,155,3,0.8582215158915162
S2,RANDOM_FOREST,4-6,205,92,0.44878048780487806,0.6875045967438924,0.7720277029626779,0.2080377685335538,0.11953257459415824,-0.6676965255501663,1.2734552716853806,0.5,0.010869565217391304,0.4878048780487805,0.00975609756097561,112,1,91,1,0.8582215158915162
S2,RANDOM_FOREST,7-12,291,93,0.31958762886597936,0.40061514641052887,0.6013359400456175,0.283248838226157,0.2415381842532123,-0.8681684580272194,0.40940821633466823,1.0,0.010752688172043012,0.0,0.003436426116838488,198,0,92,1,0.8582215158915162
S2,RANDOM_FOREST,>12,1972,1084,0.5496957403651116,0.7992368541418331,0.7954153992553439,0.19154238847040633,0.10757726175124052,-0.5036864734809573,0.7524896364109843,0.7833981841763943,0.5571955719557196,8.468559837728195,0.390973630831643,721,167,480,604,0.8582215158915162
S2,XGBOOST,2-3,243,158,0.6502057613168725,0.8773318859443727,0.7842144452717796,0.2104133665561676,0.15252378526231883,0.8366000056266785,0.5980598330497742,1.0,0.1518987341772152,0.0,0.09876543209876543,85,0,134,24,0.9017208218574524
S2,XGBOOST,4-6,205,92,0.44878048780487806,0.6223484179159584,0.735475182762601,0.21425524353981018,0.12696012611069332,-0.1221967563033104,0.45455461740493774,0.5625,0.09782608695652174,3.4146341463414633,0.07804878048780488,106,7,83,9,0.9017208218574524
S2,XGBOOST,7-12,291,93,0.31958762886597936,0.38250585299467954,0.5866460301944173,0.29933297634124756,0.2725674751697947,-0.7116472721099854,0.12984178960323334,0.2903225806451613,0.0967741935483871,7.560137457044673,0.10652920962199312,176,22,84,9,0.9017208218574524
S2,XGBOOST,>12,1972,1084,0.5496957403651116,0.8067337898511082,0.7992633431401882,0.18573328852653503,0.10608430085307022,-0.07718756049871445,0.5366843938827515,0.8216039279869067,0.46309963099630996,5.52738336713996,0.30983772819472616,779,109,582,502,0.9017208218574524
