from_month,to_month,exact_overlap,from_projects,to_projects,boundary_status
2022-08,2022-09,1514,1526,1529,CONTIGUOUS_PROJECT_LEVEL
2022-09,2022-10,1512,1529,1521,CONTIGUOUS_PROJECT_LEVEL
2022-10,2022-11,1460,1521,1476,CONTIGUOUS_PROJECT_LEVEL
2022-11,2022-12,1415,1476,1438,CONTIGUOUS_PROJECT_LEVEL
2022-12,2023-01,1393,1438,1454,CONTIGUOUS_PROJECT_LEVEL
2023-01,2023-02,1406,1454,1418,CONTIGUOUS_PROJECT_LEVEL
2023-02,2023-03,1398,1418,1449,CONTIGUOUS_PROJECT_LEVEL
2023-03,2023-04,1428,1449,1605,CONTIGUOUS_PROJECT_LEVEL
2023-04,2023-05,1594,1605,1681,CONTIGUOUS_PROJECT_LEVEL
2023-05,2023-06,1626,1681,1643,CONTIGUOUS_PROJECT_LEVEL
2023-06,2023-07,1634,1643,1646,CONTIGUOUS_PROJECT_LEVEL
2023-07,2023-08,1630,1646,1762,CONTIGUOUS_PROJECT_LEVEL
2023-08,2023-09,1708,1762,1763,CONTIGUOUS_PROJECT_LEVEL
2023-09,2023-10,1728,1763,1788,CONTIGUOUS_PROJECT_LEVEL
2023-10,2023-11,1773,1788,1831,CONTIGUOUS_PROJECT_LEVEL
2023-11,2023-12,0,1831,0,BLOCKED_BY_SOURCE_COVERAGE
2023-12,2024-01,0,0,1821,BLOCKED_BY_SOURCE_COVERAGE
2024-01,2024-02,1799,1821,1902,CONTIGUOUS_PROJECT_LEVEL
2024-02,2024-03,1870,1902,1873,CONTIGUOUS_PROJECT_LEVEL
2024-03,2024-04,0,1873,0,BLOCKED_BY_SOURCE_COVERAGE
2024-04,2024-05,0,0,0,BLOCKED_BY_SOURCE_COVERAGE
2024-05,2024-06,0,0,1810,BLOCKED_BY_SOURCE_COVERAGE
2024-06,2024-07,1789,1810,1793,CONTIGUOUS_PROJECT_LEVEL
2024-07,2024-08,1765,1793,1783,CONTIGUOUS_PROJECT_LEVEL
2024-08,2024-09,1770,1783,1792,CONTIGUOUS_PROJECT_LEVEL
2024-09,2024-10,1720,1792,1747,CONTIGUOUS_PROJECT_LEVEL
2024-10,2024-11,1727,1747,1742,CONTIGUOUS_PROJECT_LEVEL
2024-11,2024-12,1709,1742,1724,CONTIGUOUS_PROJECT_LEVEL
2024-12,2025-01,1702,1724,1719,CONTIGUOUS_PROJECT_LEVEL
2025-01,2025-02,0,1719,0,BLOCKED_BY_SOURCE_COVERAGE
2025-02,2025-03,0,0,1677,BLOCKED_BY_SOURCE_COVERAGE
2025-03,2025-04,1643,1677,1670,CONTIGUOUS_PROJECT_LEVEL
2025-04,2025-05,1622,1670,1637,CONTIGUOUS_PROJECT_LEVEL
2025-05,2025-06,1590,1637,1595,CONTIGUOUS_PROJECT_LEVEL
2025-06,2025-07,508,1595,791,CONTIGUOUS_PROJECT_LEVEL
2025-07,2025-08,765,791,800,CONTIGUOUS_PROJECT_LEVEL
2025-08,2025-09,760,800,794,CONTIGUOUS_PROJECT_LEVEL
2025-09,2025-10,785,794,820,CONTIGUOUS_PROJECT_LEVEL
2025-10,2025-11,800,820,823,CONTIGUOUS_PROJECT_LEVEL
2025-11,2025-12,788,823,1392,CONTIGUOUS_PROJECT_LEVEL
2025-12,2026-01,1388,1392,1702,CONTIGUOUS_PROJECT_LEVEL
2026-01,2026-02,1678,1702,1948,CONTIGUOUS_PROJECT_LEVEL
2026-02,2026-03,1919,1948,1941,CONTIGUOUS_PROJECT_LEVEL
2026-03,2026-04,1924,1941,1981,CONTIGUOUS_PROJECT_LEVEL
2026-04,2026-05,1951,1981,1987,CONTIGUOUS_PROJECT_LEVEL
2026-05,2026-06,1825,1987,1847,CONTIGUOUS_PROJECT_LEVEL
