reporting_month,schema_family,classification_basis,project_code,physical_progress
2022-08,OCMS,observed table structure and field evidence; not year,AVAILABLE,STRUCTURALLY_UNAVAILABLE
2022-09,OCMS,observed table structure and field evidence; not year,AVAILABLE,STRUCTURALLY_UNAVAILABLE
2022-10,OCMS,observed table structure and field evidence; not year,AVAILABLE,STRUCTURALLY_UNAVAILABLE
2022-11,OCMS,observed table structure and field evidence; not year,AVAILABLE,STRUCTURALLY_UNAVAILABLE
2022-12,OCMS,observed table structure and field evidence; not year,AVAILABLE,STRUCTURALLY_UNAVAILABLE
2023-01,OCMS,observed table structure and field evidence; not year,AVAILABLE,STRUCTURALLY_UNAVAILABLE
2023-02,OCMS,observed table structure and field evidence; not year,AVAILABLE,STRUCTURALLY_UNAVAILABLE
2023-03,OCMS,observed table structure and field evidence; not year,AVAILABLE,STRUCTURALLY_UNAVAILABLE
2023-04,OCMS,observed table structure and field evidence; not year,AVAILABLE,STRUCTURALLY_UNAVAILABLE
2023-05,OCMS,observed table structure and field evidence; not year,AVAILABLE,STRUCTURALLY_UNAVAILABLE
2023-06,OCMS,observed table structure and field evidence; not year,AVAILABLE,STRUCTURALLY_UNAVAILABLE
2023-07,OCMS,observed table structure and field evidence; not year,AVAILABLE,STRUCTURALLY_UNAVAILABLE
2023-08,OCMS,observed table structure and field evidence; not year,AVAILABLE,STRUCTURALLY_UNAVAILABLE
2023-09,OCMS,observed table structure and field evidence; not year,AVAILABLE,STRUCTURALLY_UNAVAILABLE
2023-10,OCMS,observed table structure and field evidence; not year,AVAILABLE,STRUCTURALLY_UNAVAILABLE
2023-11,OCMS,observed table structure and field evidence; not year,AVAILABLE,STRUCTURALLY_UNAVAILABLE
2023-12,UNAVAILABLE,observed table structure and field evidence; not year,UNKNOWN,UNKNOWN
2024-01,OCMS,observed table structure and field evidence; not year,AVAILABLE,STRUCTURALLY_UNAVAILABLE
2024-02,OCMS,observed table structure and field evidence; not year,AVAILABLE,STRUCTURALLY_UNAVAILABLE
2024-03,OCMS,observed table structure and field evidence; not year,AVAILABLE,STRUCTURALLY_UNAVAILABLE
2024-04,UNAVAILABLE,observed table structure and field evidence; not year,UNKNOWN,UNKNOWN
2024-05,UNAVAILABLE,observed table structure and field evidence; not year,UNKNOWN,UNKNOWN
2024-06,PAIMANA_V1,observed table structure and field evidence; not year,AVAILABLE,AVAILABLE
2024-07,PAIMANA_V1,observed table structure and field evidence; not year,AVAILABLE,AVAILABLE
2024-08,PAIMANA_V1,observed table structure and field evidence; not year,AVAILABLE,AVAILABLE
2024-09,PAIMANA_V1,observed table structure and field evidence; not year,AVAILABLE,AVAILABLE
2024-10,PAIMANA_V1,observed table structure and field evidence; not year,AVAILABLE,AVAILABLE
2024-11,PAIMANA_V1,observed table structure and field evidence; not year,AVAILABLE,AVAILABLE
2024-12,PAIMANA_V1,observed table structure and field evidence; not year,AVAILABLE,AVAILABLE
2025-01,PAIMANA_V1,observed table structure and field evidence; not year,AVAILABLE,AVAILABLE
2025-02,UNAVAILABLE,observed table structure and field evidence; not year,UNKNOWN,UNKNOWN
2025-03,PAIMANA_V1,observed table structure and field evidence; not year,AVAILABLE,AVAILABLE
2025-04,PAIMANA_V1,observed table structure and field evidence; not year,AVAILABLE,AVAILABLE
2025-05,PAIMANA_V1,observed table structure and field evidence; not year,AVAILABLE,AVAILABLE
2025-06,PAIMANA_V1,observed table structure and field evidence; not year,AVAILABLE,AVAILABLE
2025-07,PAIMANA,observed table structure and field evidence; not year,AVAILABLE,AVAILABLE
2025-08,PAIMANA,observed table structure and field evidence; not year,AVAILABLE,AVAILABLE
2025-09,PAIMANA,observed table structure and field evidence; not year,AVAILABLE,AVAILABLE
2025-10,PAIMANA,observed table structure and field evidence; not year,AVAILABLE,AVAILABLE
2025-11,PAIMANA,observed table structure and field evidence; not year,AVAILABLE,AVAILABLE
2025-12,PAIMANA,observed table structure and field evidence; not year,AVAILABLE,AVAILABLE
2026-01,PAIMANA,observed table structure and field evidence; not year,AVAILABLE,AVAILABLE
2026-02,PAIMANA,observed table structure and field evidence; not year,AVAILABLE,AVAILABLE
2026-03,PAIMANA,observed table structure and field evidence; not year,AVAILABLE,AVAILABLE
2026-04,PAIMANA,observed table structure and field evidence; not year,AVAILABLE,AVAILABLE
2026-05,PAIMANA,observed table structure and field evidence; not year,AVAILABLE,AVAILABLE
2026-06,PAIMANA,observed table structure and field evidence; not year,AVAILABLE,AVAILABLE
