feature_id,feature_name,human_readable_name,description,feature_family,source_system,source_field,raw_or_derived,static_or_dynamic,update_frequency,available_months,coverage_pct,schema_availability_pct,missing_pct,known_at_prediction_t,minimum_history,target_S1_status,target_S2_status,target_C1_status,target_C2_status,leakage_status,missingness_policy,normalization_required,group_bias_risk,expected_relationship,causal_claim_allowed,dashboard_visible,explanation_visible,model_A,model_B,model_C,reason_included,reason_excluded,evidence_status
F001,log_original_cost,Original approved cost,Log transformed project scale,PROJECT,Flash Report,original_cost,DERIVED,STATIC,ON_REVISION,30,100,100,0,YES,1,INCLUDE,INCLUDE,INCLUDE,INCLUDE,SAFE,TRAIN_FOLD_MEDIAN,NUMERIC,HIGH,Larger projects may have different delivery complexity,NO,YES,YES,YES,YES,YES,Stable source field and known at t,,CURRENT_FLASH_REPORT_FIELD
F002,planned_duration_months,Original planned duration,Months from approval to original completion,TIMELINE,Flash Report,approval_date+original_target_doc,DERIVED,STATIC,ON_REVISION,30,98.76,100,1.24,YES,1,INCLUDE,INCLUDE,INCLUDE,INCLUDE,SAFE,TRAIN_FOLD_MEDIAN,DATE,HIGH,Longer plans may reflect complexity,NO,YES,YES,YES,YES,YES,Point-in-time dates only,,CURRENT_FLASH_REPORT_FIELD
F003,project_age_months,Project age at prediction,Months from approval to as-of month,TIMELINE,Flash Report,approval_date+reporting_month,DERIVED,DYNAMIC,MONTHLY,30,98.76,100,1.24,YES,1,INCLUDE,INCLUDE,INCLUDE,INCLUDE,SAFE,TRAIN_FOLD_MEDIAN,DATE,MEDIUM,Risk processes may vary with age,NO,YES,YES,YES,YES,YES,Uses prediction-time clock only,,CURRENT_FLASH_REPORT_FIELD
F004,expenditure_to_cost,Expenditure-to-cost ratio,Cumulative expenditure divided by original cost,CURRENT_STATE,Flash Report,cumulative_expenditure+original_cost,DERIVED,DYNAMIC,MONTHLY,30,100,100,0,YES,1,INCLUDE,INCLUDE,INCLUDE,INCLUDE,CONDITIONAL,MISSING_INDICATOR,NUMERIC,HIGH,Financial deployment may diverge from delivery,NO,YES,YES,YES,YES,YES,Safe only using values through t,,CURRENT_FLASH_REPORT_FIELD
F005,physical_progress,Current physical progress,Reported physical completion percentage,CURRENT_STATE,Flash Report,physical_progress,RAW,DYNAMIC,MONTHLY,21,68.62,70,2.3,YES,1,INCLUDE,INCLUDE,INCLUDE,INCLUDE,CONDITIONAL,NATIVE_MISSING_PLUS_INDICATOR,NUMERIC,HIGH,Low progress near deadline may precede revision,NO,YES,YES,YES,YES,YES,Useful but absent in OCMS schema,,CURRENT_FLASH_REPORT_FIELD
F006,physical_progress_missing,Physical-progress availability,Indicates missing or structurally unavailable progress,DATA_QUALITY,Processed,physical_progress_schema_available,DERIVED,DYNAMIC,MONTHLY,30,100,100,0,YES,1,INCLUDE,INCLUDE,INCLUDE,INCLUDE,SAFE,EXPLICIT_INDICATOR,BOOLEAN,HIGH,Separates evidence quality from project state,NO,YES,YES,YES,YES,YES,Needed for reliability and schema drift,,CURRENT_FLASH_REPORT_FIELD
F007,progress_delta_1m,One-month progress change,Change from prior contiguous observation,TEMPORAL,Processed,physical_progress,DERIVED,DYNAMIC,MONTHLY,21,VARIABLE,70,VARIABLE,YES,2,INCLUDE,INCLUDE,INCLUDE,INCLUDE,SAFE,EXCLUDE_WHEN_UNAVAILABLE,NUMERIC,HIGH,Slowing may precede formal deterioration,NO,YES,YES,NO,YES,YES,Point-in-time longitudinal signal,,CURRENT_FLASH_REPORT_FIELD
F008,progress_delta_3m,Three-month progress change,Change from observation three contiguous months earlier,TEMPORAL,Processed,physical_progress,DERIVED,DYNAMIC,MONTHLY,21,VARIABLE,70,VARIABLE,YES,4,INCLUDE,INCLUDE,INCLUDE,INCLUDE,SAFE,EXCLUDE_WHEN_UNAVAILABLE,NUMERIC,HIGH,Persistent slowing may precede revision,NO,YES,YES,NO,YES,YES,Longer trend but requires contiguous history,,CURRENT_FLASH_REPORT_FIELD
F009,expenditure_delta_1m,Recent expenditure change,Point-in-time change in cumulative expenditure,TEMPORAL,Processed,cumulative_expenditure,DERIVED,DYNAMIC,MONTHLY,30,VARIABLE,100,VARIABLE,YES,2,INCLUDE,INCLUDE,INCLUDE,INCLUDE,SAFE,TRAIN_FOLD_MEDIAN,NUMERIC,HIGH,Funding deployment changes may precede deterioration,NO,YES,YES,NO,YES,YES,Uses only prior observation,,CURRENT_FLASH_REPORT_FIELD
F010,stagnant_progress_2m,Recent progress stagnation,No positive progress across a contiguous interval,TEMPORAL,Processed,physical_progress,DERIVED,DYNAMIC,MONTHLY,21,VARIABLE,70,VARIABLE,YES,2,INCLUDE,INCLUDE,INCLUDE,INCLUDE,SAFE,EXPLICIT_UNKNOWN,BOOLEAN,HIGH,Stagnation may precede schedule revision,NO,YES,YES,NO,YES,YES,Auditable operational signal,,CURRENT_FLASH_REPORT_FIELD
F011,history_months,Available history depth,Count of observations through prediction time,RELIABILITY,Processed,reporting_month,DERIVED,DYNAMIC,MONTHLY,30,100,100,0,YES,1,INCLUDE,INCLUDE,INCLUDE,INCLUDE,SAFE,NONE,INTEGER,MEDIUM,More history supports trend reliability,NO,YES,YES,NO,YES,YES,Reliability and model input,,CURRENT_FLASH_REPORT_FIELD
F012,correction_count,Historical schedule corrections,Prior downward changes in reported approved completion date,DATA_QUALITY,Processed,revised_doc,DERIVED,DYNAMIC,MONTHLY,30,VARIABLE,100,VARIABLE,YES,2,CONDITIONAL,CONDITIONAL,CONDITIONAL,CONDITIONAL,CONDITIONAL,EXPLICIT_COUNT,DATE,HIGH,Corrections may signal unstable reporting rather than risk,NO,YES,YES,NO,YES,YES,Useful quality signal; interpret cautiously,,CURRENT_FLASH_REPORT_FIELD
F013,current_revised_doc,Current revised completion date,Approved revised schedule at t,TARGET_STATE,Flash Report,revised_doc,RAW,DYNAMIC,MONTHLY,30,47.22,100,52.78,YES,1,ELIGIBILITY_ONLY,INCLUDE,NA,NA,CONDITIONAL,EXPLICIT_CATEGORY,DATE,HIGH,Defines cohort and current approved state,NO,YES,YES,NO,NO,NO,Used only for eligibility in S1,Direct use can encode target state,CURRENT_FLASH_REPORT_FIELD
F014,future_revised_doc,Future revised completion date,Any revised completion reported after prediction time,TARGET,Flash Report,revised_doc,RAW,DYNAMIC,MONTHLY,30,NA,100,NA,NO,NA,LABEL_ONLY,LABEL_ONLY,NA,NA,LEAKAGE,NOT_IMPUTED,DATE,NONE,Defines schedule outcome,NO,NO,NO,NO,NO,NO,,Future outcome is prohibited as feature,CURRENT_FLASH_REPORT_FIELD
F015,anticipated_completion_date,Anticipated completion date,Current operational forecast before approved revision,LEADING_INDICATOR,Flash Report,anticipated_doc,RAW,DYNAMIC,MONTHLY,18,64.98,65.18,0.2,YES,1,CONDITIONAL,CONDITIONAL,NA,NA,CONDITIONAL,EXPLICIT_UNAVAILABLE,DATE,HIGH,Deteriorating forecast may precede approval,NO,YES,YES,NO,NO,YES,Potentially powerful if semantics and timing validated,Absent from frozen modern extraction,CURRENT_FLASH_REPORT_FIELD
F016,agency_entity_id,Normalized implementing organization,Controlled entity ID distinct from raw agency,PROJECT,Future registry,agency_raw,DERIVED,STATIC,ON_CHANGE,0,0,0,100,UNKNOWN,1,CONDITIONAL,CONDITIONAL,CONDITIONAL,CONDITIONAL,UNKNOWN,UNRESOLVED_CATEGORY,ENTITY_RESOLUTION,HIGH,Organization history may influence baseline risk,NO,YES,NO,NO,NO,YES,Only verified mappings allowed,Current agency semantics mix ministry and PSU,PROPOSED_NEW_CUF_FIELD
F017,milestone_delay_days,Milestone slippage,Days between planned and actual/revised milestone dates,MILESTONE,CUF concept,milestone dates,DERIVED,DYNAMIC,MONTHLY,0,0,0,100,UNKNOWN,2,INCLUDE,INCLUDE,INCLUDE,INCLUDE,CONDITIONAL,EXPLICIT_UNKNOWN,DATE,HIGH,Slippage can precede headline revision,NO,YES,YES,NO,NO,YES,High expected leading value,Official annexure inaccessible for verification,INFERRED_BUT_NOT_VERIFIED
F018,land_acquired_pct,Land acquired percentage,Acquired land divided by land required,LAND,Proposed CUF,land_required+land_acquired,DERIVED,DYNAMIC,MONTHLY,0,0,0,100,YES_IF_COLLECTED,1,INCLUDE,INCLUDE,INCLUDE,INCLUDE,SAFE,EXPLICIT_UNKNOWN,NUMERIC,HIGH,Pending land can block work fronts,NO,YES,YES,NO,NO,YES,Directly observes a major bottleneck,,PROPOSED_NEW_CUF_FIELD
F019,clearance_pending_days,Clearance pending duration,Days since required clearance became pending,CLEARANCE,Proposed CUF,clearance status dates,DERIVED,DYNAMIC,MONTHLY,0,0,0,100,YES_IF_COLLECTED,1,INCLUDE,INCLUDE,INCLUDE,INCLUDE,SAFE,EXPLICIT_UNKNOWN,DATE,HIGH,Long pending approvals can erode buffer,NO,YES,YES,NO,NO,YES,Actionable leading indicator,,PROPOSED_NEW_CUF_FIELD
F020,contractor_operational_status,Contractor operational status,Verified package contractor working/stopped/replaced,CONTRACT,Proposed CUF,contractor status,RAW,DYNAMIC,EVENT,0,0,0,100,YES_IF_COLLECTED,1,INCLUDE,INCLUDE,INCLUDE,INCLUDE,SAFE,UNKNOWN_CATEGORY,ENTITY,HIGH,Stoppage or exit can immediately alter delivery,NO,YES,YES,NO,NO,YES,Addresses contractor-exit blind spot,,PROPOSED_NEW_CUF_FIELD
F021,fund_release_delay_days,Fund release delay,Days between scheduled and actual project-level release,FUNDING,Proposed CUF,fund release dates,DERIVED,DYNAMIC,MONTHLY,0,0,0,100,YES_IF_COLLECTED,1,INCLUDE,INCLUDE,INCLUDE,INCLUDE,SAFE,EXPLICIT_UNKNOWN,DATE,HIGH,Delayed funds can slow mobilization,NO,YES,YES,NO,NO,YES,Useful only with project-level linkage,,PROPOSED_NEW_CUF_FIELD
F022,weather_event_active,Verified external disruption,Known weather/disaster event affecting project geography,EXTERNAL_EVENT,IMD/NDMA,event feed,DERIVED,DYNAMIC,EVENT,0,0,0,100,YES_AFTER_FIRST_KNOWN_TIME,1,POST_EVENT_ONLY,POST_EVENT_ONLY,POST_EVENT_ONLY,POST_EVENT_ONLY,CONDITIONAL,NO_IMPUTATION,SPATIOTEMPORAL,HIGH,Known shocks justify reassessment,NO,YES,YES,NO,NO,YES,For event-conditioned reassessment only,Cannot predict unknowable event,EXTERNAL_DATA_FIELD
F023,peer_progress_percentile,As-of peer progress percentile,Progress rank within training-fold peer group,PEER,Processed,physical_progress+peer keys,DERIVED,DYNAMIC,MONTHLY,0,0,0,100,YES_IF_FOLD_SAFE,2,CONDITIONAL,CONDITIONAL,CONDITIONAL,CONDITIONAL,CONDITIONAL,EXCLUDE_UNSUPPORTED,PEER,HIGH,Relative underperformance may add context,NO,YES,YES,NO,YES,YES,Only fold-safe and as-of-time,Ministry/sector missing in modern frozen rows,INFERRED_BUT_NOT_VERIFIED
F024,actual_completion_date,Actual completion date,Date project is officially completed,OUTCOME,PAIMANA lifecycle table,actual_completion_date,RAW,EVENT,EVENT,0,0,0,100,NO,NA,LABEL_ONLY,LABEL_ONLY,LABEL_ONLY,LABEL_ONLY,LEAKAGE,NOT_IMPUTED,DATE,NONE,Outcome only,NO,NO,NO,NO,NO,NO,,Never permitted as predictor,VERIFIED_PAIMANA_PUBLIC_FIELD
