reporting_month,source_id,source_present,source_path,sha256,file_size_bytes,page_count,text_extractability,coverage_class,project_table_present,aggregate_summary_present,project_level_usable,month_evidence,duplicate_within_window,reason,quality_status
2023-07,SRC-2023-07,TRUE,data/raw/2023/FlashReport_2023_07.pdf,8594dbcc2dfaeb534a755365ca691e9d047d1ccde3a0b8b140f38f0c0afc68c2,10203320,640,YES,PROJECT_LEVEL,TRUE,TRUE,TRUE,TRUE,FALSE,complete ongoing-project inventory candidate,PASS
2023-08,SRC-2023-08,TRUE,data/raw/2023/FlashReport_2023_08.pdf,3469e1924ae72c13bd2f3cb3c58ccf47a602d6562741bcd650120ebea5d28d3a,22631595,832,YES,PROJECT_LEVEL,TRUE,TRUE,TRUE,TRUE,FALSE,complete ongoing-project inventory candidate,PASS
2023-09,SRC-2023-09,TRUE,data/raw/2023/FlashReport_2023_09.pdf,7e248a959bf494a7f66fa6aed1a2dd1b4010121bcf0f86f7381957541c63e021,21637914,732,YES,PROJECT_LEVEL,TRUE,TRUE,TRUE,TRUE,FALSE,complete ongoing-project inventory candidate,PASS
2023-10,SRC-2023-10,TRUE,data/raw/2023/FlashReport_2023_10.pdf,ffc244cd1c7ae3f1c5c8ba9242ec6d2bfa2d8e9d84b027437e3d07d7289b31a9,7005132,741,YES,PROJECT_LEVEL,TRUE,TRUE,TRUE,TRUE,FALSE,complete ongoing-project inventory candidate,PASS
2023-11,SRC-2023-11,TRUE,data/raw/2023/FlashReport_2023_11.pdf,35005041bff0101b7a54d1f49d098bbd2537f4fa8eee2c49e76b28a8229059e4,40579535,758,YES,PROJECT_LEVEL,TRUE,TRUE,TRUE,TRUE,FALSE,complete ongoing-project inventory candidate,PASS
2023-12,SRC-2023-12,TRUE,data/raw/2023/FlashReport_2023_12.pdf,9ae19542a7f939dc1ea25b56d6c5eadf5dbd923b91e71d85e1d3d3f6b0fcee53,553176,20,YES,AGGREGATE_ONLY,FALSE,TRUE,FALSE,TRUE,FALSE,valid monthly report lacks complete project-level table,PASS
2024-01,SRC-2024-01,TRUE,data/raw/2024/FlashReport_2024_01.pdf,ab3d3be95c7cd8c512568f9ad44f01d5d73fc95a8e8c4ec6191ebacf0b3f5dbb,35516309,724,PARTIAL,PROJECT_LEVEL,TRUE,TRUE,TRUE,TRUE,FALSE,complete ongoing-project inventory candidate,PASS
2024-02,SRC-2024-02,TRUE,data/raw/2024/FlashReport_2024_02.pdf,18fad0cefd725ae31d35dabebdd1e8eb7d2b8849ddef3ec3ee92b4481fd37d88,30439948,779,PARTIAL,PROJECT_LEVEL,TRUE,TRUE,TRUE,TRUE,FALSE,complete ongoing-project inventory candidate,PASS
2024-03,SRC-2024-03,TRUE,data/raw/2024/FlashReport_2024_03.pdf,6553637f3f79d78dba75a62cb19dbe393633c5200fe0df8eb262fe44578e7ee4,40325728,772,PARTIAL,PROJECT_LEVEL,TRUE,TRUE,TRUE,TRUE,FALSE,complete ongoing-project inventory candidate,PASS
2024-04,SRC-2024-04,TRUE,data/raw/2024/FlashReport_2024_04.pdf,23dc7c3408c54c687f74e3ef7d0fdcb31f44000ccadbe9315cef86351fb84081,464203,5,PARTIAL,AGGREGATE_ONLY,FALSE,TRUE,FALSE,TRUE,FALSE,valid monthly report lacks complete project-level table,PASS
2024-05,SRC-2024-05,TRUE,data/raw/2024/FlashReport_2024_05.pdf,3db1c6f6b822b9dc6d61f0a22439ad5fbb84f22323aeea759332a502e9eca19d,606548,5,PARTIAL,AGGREGATE_ONLY,FALSE,TRUE,FALSE,TRUE,FALSE,valid monthly report lacks complete project-level table,PASS
2024-06,SRC-2024-06,TRUE,data/raw/2024/FlashReport_2024_06.pdf,7823bd3479b62d31f024c6add12100d4a91855ce8e6b738029a47336567a94c9,1096309,309,PARTIAL,PROJECT_LEVEL,TRUE,TRUE,TRUE,TRUE,FALSE,complete ongoing-project inventory candidate,PASS
2024-07,SRC-2024-07-P02,TRUE,data/raw/2024/FlashReport_2024_07.pdf,20eba591ed463174d35f72f10f3e66e435d4aeb2e4c48f26a15d6c565f607d4d,1043382,267,PARTIAL,PROJECT_LEVEL,TRUE,TRUE,TRUE,TRUE,FALSE,complete ongoing-project inventory candidate,PASS
2024-08,SRC-2024-08,TRUE,data/raw/2024/FlashReport_2024_08.pdf,215949de4d67ac0626c59b709387b1eb157680c8503a520d054d4b2ac86e0ea2,433458,4,PARTIAL,AGGREGATE_ONLY,FALSE,TRUE,FALSE,TRUE,FALSE,valid monthly report lacks complete project-level table,PASS
2024-09,SRC-2024-09,TRUE,data/raw/2024/FlashReport_2024_09.pdf,9dd3f9a4887c03c768a8d18fab673e1723e8234ca54a9f971033fe380e5fc0e1,782330,4,PARTIAL,AGGREGATE_ONLY,FALSE,TRUE,FALSE,TRUE,FALSE,valid monthly report lacks complete project-level table,PASS
2024-10,SRC-2024-10,TRUE,data/raw/2024/FlashReport_2024_10.pdf,2f4a0d3a695aa8af173137118dc54331907f174d1a949e39a3cb2a2c4d392a16,2021952,278,PARTIAL,PROJECT_LEVEL,TRUE,TRUE,TRUE,TRUE,FALSE,complete ongoing-project inventory candidate,PASS
2024-11,SRC-2024-11,TRUE,data/raw/2024/FlashReport_2024_11.pdf,7f27651b6b54da7c20069f5a26d67e145ee935e50a78fcfe5d6980c3cd700e31,1985755,282,PARTIAL,PROJECT_LEVEL,TRUE,TRUE,TRUE,TRUE,FALSE,complete ongoing-project inventory candidate,PASS
2024-12,SRC-2024-12,TRUE,data/raw/2024/FlashReport_2024_12.pdf,b2be571bfe46f7d9bba8fd2281b481d2c3bf8b3672365182eb708f89c72a6e1d,2313092,219,PARTIAL,PROJECT_LEVEL,TRUE,TRUE,TRUE,TRUE,FALSE,complete ongoing-project inventory candidate,PASS
2025-01,SRC-2025-01,TRUE,data/raw/2025/FlashReport_2025_01.pdf,3ba881decfb846c33c0378399a7d4f2a03c60ce58cb449c1f654851facf9bfce,2804389,244,PARTIAL,PROJECT_LEVEL,TRUE,TRUE,TRUE,TRUE,FALSE,complete ongoing-project inventory candidate,PASS
2025-02,SRC-2025-02,FALSE,,,,,NO,MISSING_SOURCE,FALSE,FALSE,FALSE,FALSE,FALSE,public source unavailable,EXPECTED_MISSING
2025-03,SRC-2025-03,TRUE,data/raw/2025/FlashReport_2025_03.pdf,2766338305d6f68969d1d371e99cca1290d3d39dd083c9b6788d91b4499de41b,12129235,244,PARTIAL,PROJECT_LEVEL,TRUE,TRUE,TRUE,TRUE,FALSE,complete ongoing-project inventory candidate,PASS
2025-04,SRC-2025-04,TRUE,data/raw/2025/FlashReport_2025_04.pdf,58049244170b9d8c0588ccf660e79e7b56bfc7e60a333f784e6e08392cf81eef,10264807,273,PARTIAL,PROJECT_LEVEL,TRUE,TRUE,TRUE,TRUE,FALSE,complete ongoing-project inventory candidate,PASS
2025-05,SRC-2025-05,TRUE,data/raw/2025/FlashReport_2025_05.pdf,1326fc47d272e8f2225db45645bd1dd4eacee1ab4a15bff8a1f6edfc70b45171,9995553,212,PARTIAL,PROJECT_LEVEL,TRUE,TRUE,TRUE,TRUE,FALSE,complete ongoing-project inventory candidate,PASS
2025-06,SRC-2025-06,TRUE,data/raw/2025/FlashReport_2025_06.pdf,7f37c63abe9f92d8db6513ad68d91b5c172c9c27454f45691f53fff7ebb2a754,14003041,234,PARTIAL,PROJECT_LEVEL,TRUE,TRUE,TRUE,TRUE,FALSE,complete ongoing-project inventory candidate,PASS
2025-07,SRC-2025-07,TRUE,data/raw/2025/FlashReport_2025_07.pdf,1064c963c8afacf903ad9cc876fa3615c4b4b28ccdae920a8ff392af37111508,5823487,67,YES,PROJECT_LEVEL,TRUE,TRUE,TRUE,TRUE,FALSE,complete ongoing-project inventory candidate,PASS
2025-08,SRC-2025-08,TRUE,data/raw/2025/FlashReport_2025_08.pdf,7b28c68ca1fd697f2856fa4b5c79b5c26fa6e8f0be4d0897cc105958e01bf2c8,5791675,67,YES,PROJECT_LEVEL,TRUE,TRUE,TRUE,TRUE,FALSE,complete ongoing-project inventory candidate,PASS
2025-09,SRC-2025-09,TRUE,data/raw/2025/FlashReport_2025_09.pdf,520f100f2752c07c7d8e1180cce2258a6966d21b6e37fcbecca0b098835ef318,6007329,72,YES,PROJECT_LEVEL,TRUE,TRUE,TRUE,TRUE,FALSE,complete ongoing-project inventory candidate,PASS
2025-10,SRC-2025-10,TRUE,data/raw/2025/FlashReport_2025_10.pdf,4817bb54e983b63233e4538fb2e7adf80c6204a2a976021a71d126e9003edbc3,5928547,73,YES,PROJECT_LEVEL,TRUE,TRUE,TRUE,TRUE,FALSE,complete ongoing-project inventory candidate,PASS
2025-11,SRC-2025-11,TRUE,data/raw/2025/FlashReport_2025_11.pdf,db9e2eff8a2ecc21285280fd85dfbb4df9ef99cbda74987ccd4a3edcbff28eb9,5845019,73,YES,PROJECT_LEVEL,TRUE,TRUE,TRUE,TRUE,FALSE,complete ongoing-project inventory candidate,PASS
2025-12,SRC-2025-12,TRUE,data/raw/2025/FlashReport_2025_12.pdf,07f56e5457c63192ae7b5b4036f975f7eb058a3364a25a87cdc6ce2369082401,6398361,108,YES,PROJECT_LEVEL,TRUE,TRUE,TRUE,TRUE,FALSE,complete ongoing-project inventory candidate,PASS
2026-01,SRC-2026-01,TRUE,data/raw/2026/FlashReport_2026_01.pdf,9c043ad4a0acb01dd6f00fe2dbca60f812ffa981daa5143b24f7c5ec37f64c83,6544662,134,YES,PROJECT_LEVEL,TRUE,TRUE,TRUE,TRUE,FALSE,complete ongoing-project inventory candidate,PASS
2026-02,SRC-2026-02,TRUE,data/raw/2026/FlashReport_2026_02.pdf,f29010c2d69ca185c8f36e6d8539d460b4ebe81753994dd21fbe63e057817df9,6738453,168,YES,PROJECT_LEVEL,TRUE,TRUE,TRUE,TRUE,FALSE,complete ongoing-project inventory candidate,PASS
2026-03,SRC-2026-03,TRUE,data/raw/2026/FlashReport_2026_03.pdf,e10411522bbc6caec5f3ef143c8399ad71221ac232e19410c1dfe87eb5c90253,6827436,157,YES,PROJECT_LEVEL,TRUE,TRUE,TRUE,TRUE,FALSE,complete ongoing-project inventory candidate,PASS
2026-04,SRC-2026-04,TRUE,data/raw/2026/FlashReport_2026_04.pdf,90a6959e976da6928440efdea9c68847d1178356e4c0ebd078c51026ddb118d5,3215216,163,YES,PROJECT_LEVEL,TRUE,TRUE,TRUE,TRUE,FALSE,complete ongoing-project inventory candidate,PASS
2026-05,SRC-2026-05,TRUE,data/raw/2026/FlashReport_2026_05.pdf,480d98632cd1b1d4fe70b58a5a753924b2735b0135e7c8507c1ec05ff2ddf005,3217996,163,YES,PROJECT_LEVEL,TRUE,TRUE,TRUE,TRUE,FALSE,complete ongoing-project inventory candidate,PASS
2026-06,SRC-2026-06,TRUE,data/raw/2026/FlashReport_2026_06.pdf,d26872ac9336b451d311e823646560d29d8a6c2fbc9fdca9fd78fc22fd08ca15,6540236,161,YES,PROJECT_LEVEL,TRUE,TRUE,TRUE,TRUE,FALSE,complete ongoing-project inventory candidate,PASS
