target,horizon_months,feature_contract,fold_id,model,raw_brier,calibrated_brier,calibration_intercept,calibration_slope,method,fit_data,test_use
C1,3,cost-basic-long-history-v1,F2,rule,0.13578654004954582,0.13578654004954582,-4.446515902287765,0.06380874672817696,NONE,PAST_VALIDATION_ONLY,EVALUATION_ONLY
C1,3,cost-basic-long-history-v1,F2,logistic_regression,0.05473646200895621,0.010868660767398838,-5.353545468620139,-0.1796263900557449,PLATT_ON_PAST_VALIDATION,PAST_VALIDATION_ONLY,EVALUATION_ONLY
C1,3,cost-basic-long-history-v1,F2,hist_gradient_boosting,0.013391309747553258,0.01084555240695285,-0.25341977929252263,1.0431595920970858,PLATT_ON_PAST_VALIDATION,PAST_VALIDATION_ONLY,EVALUATION_ONLY
C1,3,cost-basic-long-history-v1,F2,random_forest,0.040099145741866654,0.01087360450277614,-2.655895003930025,0.4524411576001265,PLATT_ON_PAST_VALIDATION,PAST_VALIDATION_ONLY,EVALUATION_ONLY
C1,3,cost-basic-long-history-v1,F2,xgboost,0.012469357132005034,0.010871693362613654,-5.72467650185462,-0.29709444472904706,PLATT_ON_PAST_VALIDATION,PAST_VALIDATION_ONLY,EVALUATION_ONLY
C1,3,cost-basic-long-history-v1,F3,rule,0.119297583081571,0.119297583081571,-2.3487975569106267,0.9342209938250846,NONE,PAST_VALIDATION_ONLY,EVALUATION_ONLY
C1,3,cost-basic-long-history-v1,F3,logistic_regression,0.12431083681958706,0.0508486159270637,10.7376612628927,2.924738871551261,PLATT_ON_PAST_VALIDATION,PAST_VALIDATION_ONLY,EVALUATION_ONLY
C1,3,cost-basic-long-history-v1,F3,hist_gradient_boosting,0.05004001308746619,0.0509239957077972,65.87615151177914,15.253757366913813,PLATT_ON_PAST_VALIDATION,PAST_VALIDATION_ONLY,EVALUATION_ONLY
C1,3,cost-basic-long-history-v1,F3,random_forest,0.05579768024016913,0.05088256986836991,22.29942741193788,5.594562826475577,PLATT_ON_PAST_VALIDATION,PAST_VALIDATION_ONLY,EVALUATION_ONLY
C1,3,cost-basic-long-history-v1,F3,xgboost,0.048469622639358355,0.050854764964308366,24.483701828390846,6.072649396490162,PLATT_ON_PAST_VALIDATION,PAST_VALIDATION_ONLY,EVALUATION_ONLY
C1,3,cost-basic-long-history-v1,F4,rule,0.10556424104604889,0.10556424104604889,-4.109933656173252,0.541172766417169,NONE,PAST_VALIDATION_ONLY,EVALUATION_ONLY
C1,3,cost-basic-long-history-v1,F4,logistic_regression,0.1400711665653178,0.013470711281445509,-2.9242722307529196,0.46499522171399077,PLATT_ON_PAST_VALIDATION,PAST_VALIDATION_ONLY,EVALUATION_ONLY
C1,3,cost-basic-long-history-v1,F4,hist_gradient_boosting,0.01193775139934937,0.011540947507702272,-1.811126916307652,0.8624284828326522,PLATT_ON_PAST_VALIDATION,PAST_VALIDATION_ONLY,EVALUATION_ONLY
C1,3,cost-basic-long-history-v1,F4,random_forest,0.02748378070895921,0.011570825883011482,-1.2728767068992803,1.0526405145583724,PLATT_ON_PAST_VALIDATION,PAST_VALIDATION_ONLY,EVALUATION_ONLY
C1,3,cost-basic-long-history-v1,F4,xgboost,0.012489565291075581,0.012042229977799121,-2.664683971664487,0.5804712093257273,PLATT_ON_PAST_VALIDATION,PAST_VALIDATION_ONLY,EVALUATION_ONLY
C1,6,cost-basic-long-history-v1,F2,rule,0.13692258340461932,0.13692258340461932,-3.574978944718402,0.17058149354899965,NONE,PAST_VALIDATION_ONLY,EVALUATION_ONLY
C1,6,cost-basic-long-history-v1,F2,logistic_regression,0.2230307454366519,0.023787305395380622,0.560931818139558,1.451297987591186,PLATT_ON_PAST_VALIDATION,PAST_VALIDATION_ONLY,EVALUATION_ONLY
C1,6,cost-basic-long-history-v1,F2,hist_gradient_boosting,0.025972229005617967,0.024322715737580176,-1.9975607495532322,0.5778826878200369,PLATT_ON_PAST_VALIDATION,PAST_VALIDATION_ONLY,EVALUATION_ONLY
C1,6,cost-basic-long-history-v1,F2,random_forest,0.09240271724475783,0.024422111117198053,-2.0919240123764236,0.5410200586729232,PLATT_ON_PAST_VALIDATION,PAST_VALIDATION_ONLY,EVALUATION_ONLY
C1,6,cost-basic-long-history-v1,F2,xgboost,0.025328255884118234,0.024328884386970163,-2.562566824518643,0.3854402724295466,PLATT_ON_PAST_VALIDATION,PAST_VALIDATION_ONLY,EVALUATION_ONLY
C1,6,cost-basic-long-history-v1,F3,rule,0.12040784557907845,0.12040784557907845,-2.0685886418315262,0.9123313396731244,NONE,PAST_VALIDATION_ONLY,EVALUATION_ONLY
C1,6,cost-basic-long-history-v1,F3,logistic_regression,0.08924709847057638,0.06341391854035458,-0.7352944744093076,0.4931970200601167,PLATT_ON_PAST_VALIDATION,PAST_VALIDATION_ONLY,EVALUATION_ONLY
C1,6,cost-basic-long-history-v1,F3,hist_gradient_boosting,0.06764789775944618,0.06228637456771949,0.9741092204981829,1.0800145573761595,PLATT_ON_PAST_VALIDATION,PAST_VALIDATION_ONLY,EVALUATION_ONLY
C1,6,cost-basic-long-history-v1,F3,random_forest,0.0751957969899752,0.061729036792762745,3.387391724142636,1.7988417186551744,PLATT_ON_PAST_VALIDATION,PAST_VALIDATION_ONLY,EVALUATION_ONLY
C1,6,cost-basic-long-history-v1,F3,xgboost,0.06625532990628771,0.062076722147887405,1.8494470217750465,1.3299895571391611,PLATT_ON_PAST_VALIDATION,PAST_VALIDATION_ONLY,EVALUATION_ONLY
C1,6,cost-basic-long-history-v1,F4,rule,0.12821691176470587,0.12821691176470587,-3.109070916038989,0.30316979319215853,NONE,PAST_VALIDATION_ONLY,EVALUATION_ONLY
C1,6,cost-basic-long-history-v1,F4,logistic_regression,0.09755010645260723,0.03314505614604973,-1.3646695148525398,0.5604370794272261,PLATT_ON_PAST_VALIDATION,PAST_VALIDATION_ONLY,EVALUATION_ONLY
C1,6,cost-basic-long-history-v1,F4,hist_gradient_boosting,0.038433241481139135,0.03305760203079936,-2.5933726605497562,0.22074615968676203,PLATT_ON_PAST_VALIDATION,PAST_VALIDATION_ONLY,EVALUATION_ONLY
C1,6,cost-basic-long-history-v1,F4,random_forest,0.06685371987946782,0.03273379489844202,-0.2504315503436921,0.9018924852470108,PLATT_ON_PAST_VALIDATION,PAST_VALIDATION_ONLY,EVALUATION_ONLY
C1,6,cost-basic-long-history-v1,F4,xgboost,0.037230852030803535,0.03294246103063667,-1.3175789845494648,0.5902574186686659,PLATT_ON_PAST_VALIDATION,PAST_VALIDATION_ONLY,EVALUATION_ONLY
C1,3,cost-compact-v2,F4,rule,0.10556424104604889,0.10556424104604889,-4.109933656173252,0.541172766417169,NONE,PAST_VALIDATION_ONLY,EVALUATION_ONLY
C1,3,cost-compact-v2,F4,logistic_regression,0.17235880288285949,0.018841017175652158,-0.7924533134399985,1.7318445551690504,PLATT_ON_PAST_VALIDATION,PAST_VALIDATION_ONLY,EVALUATION_ONLY
C1,3,cost-compact-v2,F4,hist_gradient_boosting,0.010580421826642733,0.022725064915505196,-3.018170269876571,0.6984200032505643,PLATT_ON_PAST_VALIDATION,PAST_VALIDATION_ONLY,EVALUATION_ONLY
C1,3,cost-compact-v2,F4,random_forest,0.013190333120912669,0.025516859109967583,-3.272388757354827,0.5874165008691604,PLATT_ON_PAST_VALIDATION,PAST_VALIDATION_ONLY,EVALUATION_ONLY
C1,3,cost-compact-v2,F4,xgboost,0.010570182556059422,0.025001687022389845,-2.9796313722463594,0.7523283224922129,PLATT_ON_PAST_VALIDATION,PAST_VALIDATION_ONLY,EVALUATION_ONLY
C2,3,cost-basic-long-history-v1,F2,rule,0.22017386091127097,0.22017386091127097,-3.182822119961175,-0.28541077984208696,NONE,PAST_VALIDATION_ONLY,EVALUATION_ONLY
C2,3,cost-basic-long-history-v1,F2,logistic_regression,0.046323018943021266,0.04509278692389604,10.884613958283756,3.5604239966673465,PLATT_ON_PAST_VALIDATION,PAST_VALIDATION_ONLY,EVALUATION_ONLY
C2,3,cost-basic-long-history-v1,F2,hist_gradient_boosting,0.046706638865440096,0.04507993021975015,-4.114060426322682,-0.3024337774212595,PLATT_ON_PAST_VALIDATION,PAST_VALIDATION_ONLY,EVALUATION_ONLY
C2,3,cost-basic-long-history-v1,F2,random_forest,0.051783099855588724,0.04503859378021598,-0.5060853230504603,0.6698942286800418,PLATT_ON_PAST_VALIDATION,PAST_VALIDATION_ONLY,EVALUATION_ONLY
C2,3,cost-basic-long-history-v1,F2,xgboost,0.04573071208726625,0.045045597516941746,-2.5044947460154754,0.12994258512892606,PLATT_ON_PAST_VALIDATION,PAST_VALIDATION_ONLY,EVALUATION_ONLY
C2,3,cost-basic-long-history-v1,F3,rule,0.20234674329501914,0.20234674329501914,-2.847477913222789,0.25784350219444596,NONE,PAST_VALIDATION_ONLY,EVALUATION_ONLY
C2,3,cost-basic-long-history-v1,F3,logistic_regression,0.20766792118020264,0.06084381785482989,-3.728731266814824,-0.25728499965326523,PLATT_ON_PAST_VALIDATION,PAST_VALIDATION_ONLY,EVALUATION_ONLY
C2,3,cost-basic-long-history-v1,F3,hist_gradient_boosting,0.05406276652727457,0.047447919858616405,-3.121998526023699,-0.05630091690057788,PLATT_ON_PAST_VALIDATION,PAST_VALIDATION_ONLY,EVALUATION_ONLY
C2,3,cost-basic-long-history-v1,F3,random_forest,0.06757218304184665,0.04719157969113597,14.573992894181599,5.918222173734088,PLATT_ON_PAST_VALIDATION,PAST_VALIDATION_ONLY,EVALUATION_ONLY
C2,3,cost-basic-long-history-v1,F3,xgboost,0.050355084532159436,0.0481181495541245,-6.6016763083407985,-1.1469182183778475,PLATT_ON_PAST_VALIDATION,PAST_VALIDATION_ONLY,EVALUATION_ONLY
C2,3,cost-basic-long-history-v1,F4,rule,0.20105421686746988,0.20105421686746988,-4.399882699408896,0.26533275271749573,NONE,PAST_VALIDATION_ONLY,EVALUATION_ONLY
C2,3,cost-basic-long-history-v1,F4,logistic_regression,0.17283404799508012,0.04652865489206296,-6.658644571855561,-0.7718187072848924,PLATT_ON_PAST_VALIDATION,PAST_VALIDATION_ONLY,EVALUATION_ONLY
C2,3,cost-basic-long-history-v1,F4,hist_gradient_boosting,0.012032209353930512,0.01426075616544727,5.089115605384587,3.785250118035629,PLATT_ON_PAST_VALIDATION,PAST_VALIDATION_ONLY,EVALUATION_ONLY
C2,3,cost-basic-long-history-v1,F4,random_forest,0.04969372979648648,0.015956747201335175,-4.187936081702613,0.12980517236914865,PLATT_ON_PAST_VALIDATION,PAST_VALIDATION_ONLY,EVALUATION_ONLY
C2,3,cost-basic-long-history-v1,F4,xgboost,0.013217323472478174,0.014128697988712345,-5.577315552679821,-0.4028491410558906,PLATT_ON_PAST_VALIDATION,PAST_VALIDATION_ONLY,EVALUATION_ONLY
