target,horizon_months,metric,category,count
C1,3,ELIGIBLE_SCHEMA,OCMS,13863
C1,3,ELIGIBLE_SCHEMA,PAIMANA,4479
C1,3,ELIGIBLE_SCHEMA,PAIMANA_V1,5538
C1,3,HISTORY_DEPTH_MONTHS,1-5,7904
C1,3,HISTORY_DEPTH_MONTHS,12-23,4298
C1,3,HISTORY_DEPTH_MONTHS,24+,3698
C1,3,HISTORY_DEPTH_MONTHS,6-11,7980
C1,3,PRIMARY_DISPOSITION_REASON,ELIGIBLE,23880
C1,3,PRIMARY_DISPOSITION_REASON,FUTURE_SOURCE_COVERAGE_GAP,15118
C1,3,PRIMARY_DISPOSITION_REASON,PRIOR_APPROVED_COST_DETERIORATION,13036
C1,3,PRIMARY_DISPOSITION_REASON,PRIOR_MONTH_GAP,4452
C1,3,PRIMARY_DISPOSITION_REASON,FUTURE_PROJECT_OBSERVATION_MISSING,3962
C1,3,PRIMARY_DISPOSITION_REASON,INSUFFICIENT_HISTORY,3253
C1,3,PRIMARY_DISPOSITION_REASON,COMPLETED_AT_T,2212
C1,3,PRIMARY_DISPOSITION_REASON,ORIGINAL_COST_HISTORY_INCONSISTENT,1536
C1,3,PRIMARY_DISPOSITION_REASON,HISTORICAL_COST_REVERSAL_REQUIRES_VERIFICATION,684
C1,3,PRIMARY_DISPOSITION_REASON,ORIGINAL_COST_CHANGED_IN_OUTCOME_WINDOW,261
C1,3,PRIMARY_DISPOSITION_REASON,COST_REVERSAL_REQUIRES_VERIFICATION,153
C1,3,PRIMARY_DISPOSITION_REASON,ORIGINAL_APPROVED_COST_UNAVAILABLE,94
C1,6,ELIGIBLE_SCHEMA,OCMS,9439
C1,6,ELIGIBLE_SCHEMA,PAIMANA,2000
C1,6,ELIGIBLE_SCHEMA,PAIMANA_V1,1863
C1,6,HISTORY_DEPTH_MONTHS,1-5,5635
C1,6,HISTORY_DEPTH_MONTHS,12-23,839
C1,6,HISTORY_DEPTH_MONTHS,24+,1466
C1,6,HISTORY_DEPTH_MONTHS,6-11,5362
C1,6,PRIMARY_DISPOSITION_REASON,FUTURE_SOURCE_COVERAGE_GAP,26448
C1,6,PRIMARY_DISPOSITION_REASON,ELIGIBLE,13302
C1,6,PRIMARY_DISPOSITION_REASON,PRIOR_APPROVED_COST_DETERIORATION,13036
C1,6,PRIMARY_DISPOSITION_REASON,PRIOR_MONTH_GAP,4452
C1,6,PRIMARY_DISPOSITION_REASON,FUTURE_PROJECT_OBSERVATION_MISSING,4216
C1,6,PRIMARY_DISPOSITION_REASON,INSUFFICIENT_HISTORY,3253
C1,6,PRIMARY_DISPOSITION_REASON,COMPLETED_AT_T,2212
C1,6,PRIMARY_DISPOSITION_REASON,ORIGINAL_COST_HISTORY_INCONSISTENT,931
C1,6,PRIMARY_DISPOSITION_REASON,ORIGINAL_COST_CHANGED_IN_OUTCOME_WINDOW,265
C1,6,PRIMARY_DISPOSITION_REASON,COST_REVERSAL_REQUIRES_VERIFICATION,231
C1,6,PRIMARY_DISPOSITION_REASON,HISTORICAL_COST_REVERSAL_REQUIRES_VERIFICATION,201
C1,6,PRIMARY_DISPOSITION_REASON,ORIGINAL_APPROVED_COST_UNAVAILABLE,94
C1,12,ELIGIBLE_SCHEMA,OCMS,2731
C1,12,ELIGIBLE_SCHEMA,PAIMANA_V1,617
C1,12,HISTORY_DEPTH_MONTHS,1-5,2812
C1,12,HISTORY_DEPTH_MONTHS,12-23,120
C1,12,HISTORY_DEPTH_MONTHS,24+,320
C1,12,HISTORY_DEPTH_MONTHS,6-11,96
C1,12,PRIMARY_DISPOSITION_REASON,FUTURE_SOURCE_COVERAGE_GAP,38170
C1,12,PRIMARY_DISPOSITION_REASON,PRIOR_APPROVED_COST_DETERIORATION,13036
C1,12,PRIMARY_DISPOSITION_REASON,PRIOR_MONTH_GAP,4452
C1,12,PRIMARY_DISPOSITION_REASON,FUTURE_PROJECT_OBSERVATION_MISSING,3446
C1,12,PRIMARY_DISPOSITION_REASON,ELIGIBLE,3348
C1,12,PRIMARY_DISPOSITION_REASON,INSUFFICIENT_HISTORY,3253
C1,12,PRIMARY_DISPOSITION_REASON,COMPLETED_AT_T,2212
C1,12,PRIMARY_DISPOSITION_REASON,ORIGINAL_COST_HISTORY_INCONSISTENT,241
C1,12,PRIMARY_DISPOSITION_REASON,ORIGINAL_COST_CHANGED_IN_OUTCOME_WINDOW,221
C1,12,PRIMARY_DISPOSITION_REASON,COST_REVERSAL_REQUIRES_VERIFICATION,125
C1,12,PRIMARY_DISPOSITION_REASON,ORIGINAL_APPROVED_COST_UNAVAILABLE,94
C1,12,PRIMARY_DISPOSITION_REASON,HISTORICAL_COST_REVERSAL_REQUIRES_VERIFICATION,43
C2,3,ELIGIBLE_SCHEMA,OCMS,2242
C2,3,ELIGIBLE_SCHEMA,PAIMANA,1120
C2,3,ELIGIBLE_SCHEMA,PAIMANA_V1,888
C2,3,HISTORY_DEPTH_MONTHS,1-5,1149
C2,3,HISTORY_DEPTH_MONTHS,12-23,638
C2,3,HISTORY_DEPTH_MONTHS,24+,1122
C2,3,HISTORY_DEPTH_MONTHS,6-11,1341
C2,3,PRIMARY_DISPOSITION_REASON,NO_APPROVED_COST_DETERIORATION_AT_T,54763
C2,3,PRIMARY_DISPOSITION_REASON,ELIGIBLE,4250
C2,3,PRIMARY_DISPOSITION_REASON,FUTURE_SOURCE_COVERAGE_GAP,3522
C2,3,PRIMARY_DISPOSITION_REASON,COMPLETED_AT_T,2212
C2,3,PRIMARY_DISPOSITION_REASON,PRIOR_MONTH_GAP,962
C2,3,PRIMARY_DISPOSITION_REASON,ORIGINAL_COST_HISTORY_INCONSISTENT,953
C2,3,PRIMARY_DISPOSITION_REASON,FUTURE_PROJECT_OBSERVATION_MISSING,876
C2,3,PRIMARY_DISPOSITION_REASON,INSUFFICIENT_HISTORY,475
C2,3,PRIMARY_DISPOSITION_REASON,HISTORICAL_COST_REVERSAL_REQUIRES_VERIFICATION,309
C2,3,PRIMARY_DISPOSITION_REASON,COST_REVERSAL_REQUIRES_VERIFICATION,182
C2,3,PRIMARY_DISPOSITION_REASON,ORIGINAL_APPROVED_COST_UNAVAILABLE,94
C2,3,PRIMARY_DISPOSITION_REASON,ORIGINAL_COST_CHANGED_IN_OUTCOME_WINDOW,43
C2,6,ELIGIBLE_SCHEMA,OCMS,1421
C2,6,ELIGIBLE_SCHEMA,PAIMANA,428
C2,6,ELIGIBLE_SCHEMA,PAIMANA_V1,248
C2,6,HISTORY_DEPTH_MONTHS,1-5,781
C2,6,HISTORY_DEPTH_MONTHS,12-23,81
C2,6,HISTORY_DEPTH_MONTHS,24+,387
C2,6,HISTORY_DEPTH_MONTHS,6-11,848
C2,6,PRIMARY_DISPOSITION_REASON,NO_APPROVED_COST_DETERIORATION_AT_T,54763
C2,6,PRIMARY_DISPOSITION_REASON,FUTURE_SOURCE_COVERAGE_GAP,6340
C2,6,PRIMARY_DISPOSITION_REASON,COMPLETED_AT_T,2212
C2,6,PRIMARY_DISPOSITION_REASON,ELIGIBLE,2097
C2,6,PRIMARY_DISPOSITION_REASON,PRIOR_MONTH_GAP,962
C2,6,PRIMARY_DISPOSITION_REASON,FUTURE_PROJECT_OBSERVATION_MISSING,877
C2,6,PRIMARY_DISPOSITION_REASON,INSUFFICIENT_HISTORY,475
C2,6,PRIMARY_DISPOSITION_REASON,ORIGINAL_COST_HISTORY_INCONSISTENT,471
C2,6,PRIMARY_DISPOSITION_REASON,COST_REVERSAL_REQUIRES_VERIFICATION,178
C2,6,PRIMARY_DISPOSITION_REASON,HISTORICAL_COST_REVERSAL_REQUIRES_VERIFICATION,129
C2,6,PRIMARY_DISPOSITION_REASON,ORIGINAL_APPROVED_COST_UNAVAILABLE,94
C2,6,PRIMARY_DISPOSITION_REASON,ORIGINAL_COST_CHANGED_IN_OUTCOME_WINDOW,43
C2,12,ELIGIBLE_SCHEMA,OCMS,345
C2,12,ELIGIBLE_SCHEMA,PAIMANA_V1,44
C2,12,HISTORY_DEPTH_MONTHS,1-5,345
C2,12,HISTORY_DEPTH_MONTHS,12-23,8
C2,12,HISTORY_DEPTH_MONTHS,24+,36
C2,12,PRIMARY_DISPOSITION_REASON,NO_APPROVED_COST_DETERIORATION_AT_T,54763
C2,12,PRIMARY_DISPOSITION_REASON,FUTURE_SOURCE_COVERAGE_GAP,8938
C2,12,PRIMARY_DISPOSITION_REASON,COMPLETED_AT_T,2212
C2,12,PRIMARY_DISPOSITION_REASON,PRIOR_MONTH_GAP,962
C2,12,PRIMARY_DISPOSITION_REASON,FUTURE_PROJECT_OBSERVATION_MISSING,661
C2,12,PRIMARY_DISPOSITION_REASON,INSUFFICIENT_HISTORY,475
C2,12,PRIMARY_DISPOSITION_REASON,ELIGIBLE,389
C2,12,PRIMARY_DISPOSITION_REASON,ORIGINAL_APPROVED_COST_UNAVAILABLE,94
C2,12,PRIMARY_DISPOSITION_REASON,COST_REVERSAL_REQUIRES_VERIFICATION,86
C2,12,PRIMARY_DISPOSITION_REASON,ORIGINAL_COST_CHANGED_IN_OUTCOME_WINDOW,32
C2,12,PRIMARY_DISPOSITION_REASON,ORIGINAL_COST_HISTORY_INCONSISTENT,28
C2,12,PRIMARY_DISPOSITION_REASON,HISTORICAL_COST_REVERSAL_REQUIRES_VERIFICATION,1
