target,feature,reference_period,current_period,reference_rows,current_rows,psi,interpretation
C1,log_original_cost,before-2025-01,2025-01-and-later,18707,5173,0.09637974804834915,DESCRIPTIVE_NON_CAUSAL_DRIFT_DIAGNOSTIC
C1,expenditure_to_original_cost,before-2025-01,2025-01-and-later,18707,5173,0.2929437219295942,DESCRIPTIVE_NON_CAUSAL_DRIFT_DIAGNOSTIC
C1,expenditure_to_current_approved_cost,before-2025-01,2025-01-and-later,18707,5173,0.2814288048138776,DESCRIPTIVE_NON_CAUSAL_DRIFT_DIAGNOSTIC
C1,project_age_months,before-2025-01,2025-01-and-later,18707,5173,0.13322871619300697,DESCRIPTIVE_NON_CAUSAL_DRIFT_DIAGNOSTIC
C1,target_prevalence,before-2025-01,2025-01-and-later,18707,5173,,DESCRIPTIVE_NON_CAUSAL_DRIFT_DIAGNOSTIC
C2,log_original_cost,before-2025-01,2025-01-and-later,3076,1174,0.31647089209666857,DESCRIPTIVE_NON_CAUSAL_DRIFT_DIAGNOSTIC
C2,expenditure_to_original_cost,before-2025-01,2025-01-and-later,3076,1174,0.13054155180485832,DESCRIPTIVE_NON_CAUSAL_DRIFT_DIAGNOSTIC
C2,expenditure_to_current_approved_cost,before-2025-01,2025-01-and-later,3076,1174,0.0683842926946861,DESCRIPTIVE_NON_CAUSAL_DRIFT_DIAGNOSTIC
C2,project_age_months,before-2025-01,2025-01-and-later,3076,1174,0.25723149093505904,DESCRIPTIVE_NON_CAUSAL_DRIFT_DIAGNOSTIC
C2,target_prevalence,before-2025-01,2025-01-and-later,3076,1174,,DESCRIPTIVE_NON_CAUSAL_DRIFT_DIAGNOSTIC
