target,horizon_months,window_months,fold_id,test_start,test_end,train_rows,test_rows,test_projects,test_events,admission_status,admission_reason,latest_train_anchor,training_window_start,training_window_end,analysis_role,model_evaluation_status
C1,3,12,F1,2023-04,2023-08,4480,6095,1369,137,ADMITTED,,2022-12,2022-01,2022-12,SECONDARY_SENSITIVITY_ONLY,SUPPORT_ONLY_PRIMARY_MODEL_NOT_ADMITTED
C1,3,12,F2,2024-06,2024-10,7168,4844,1274,53,ADMITTED,,2023-08,2023-03,2024-02,SECONDARY_SENSITIVITY_ONLY,SUPPORT_ONLY_PRIMARY_MODEL_NOT_ADMITTED
C1,3,12,F3,2025-03,2025-09,4844,1655,418,86,ADMITTED,,2024-10,2023-12,2024-11,SECONDARY_SENSITIVITY_ONLY,SUPPORT_ONLY_PRIMARY_MODEL_NOT_ADMITTED
C1,3,12,F4,2025-10,2026-03,5538,3518,1025,37,ADMITTED,,2025-06,2024-07,2025-06,SECONDARY_SENSITIVITY_ONLY,SUPPORT_ONLY_PRIMARY_MODEL_NOT_ADMITTED
C1,3,18,F1,2023-04,2023-08,4480,6095,1369,137,ADMITTED,,2022-12,2021-07,2022-12,SECONDARY_SENSITIVITY_ONLY,SUPPORT_ONLY_PRIMARY_MODEL_NOT_ADMITTED
C1,3,18,F2,2024-06,2024-10,13863,4844,1274,53,ADMITTED,,2023-08,2022-09,2024-02,SECONDARY_SENSITIVITY_ONLY,SUPPORT_ONLY_PRIMARY_MODEL_NOT_ADMITTED
C1,3,18,F3,2025-03,2025-09,8589,1655,418,86,ADMITTED,,2024-10,2023-06,2024-11,SECONDARY_SENSITIVITY_ONLY,SUPPORT_ONLY_PRIMARY_MODEL_NOT_ADMITTED
C1,3,18,F4,2025-10,2026-03,5538,3518,1025,37,ADMITTED,,2025-06,2024-01,2025-06,SECONDARY_SENSITIVITY_ONLY,SUPPORT_ONLY_PRIMARY_MODEL_NOT_ADMITTED
C1,3,24,F1,2023-04,2023-08,4480,6095,1369,137,ADMITTED,,2022-12,2021-01,2022-12,SECONDARY_SENSITIVITY_ONLY,SUPPORT_ONLY_PRIMARY_MODEL_NOT_ADMITTED
C1,3,24,F2,2024-06,2024-10,13863,4844,1274,53,ADMITTED,,2023-08,2022-03,2024-02,SECONDARY_SENSITIVITY_ONLY,SUPPORT_ONLY_PRIMARY_MODEL_NOT_ADMITTED
C1,3,24,F3,2025-03,2025-09,15326,1655,418,86,ADMITTED,,2024-10,2022-12,2024-11,SECONDARY_SENSITIVITY_ONLY,SUPPORT_ONLY_PRIMARY_MODEL_NOT_ADMITTED
C1,3,24,F4,2025-10,2026-03,8019,3518,1025,37,ADMITTED,,2025-06,2023-07,2025-06,SECONDARY_SENSITIVITY_ONLY,SUPPORT_ONLY_PRIMARY_MODEL_NOT_ADMITTED
C2,3,12,F1,2023-04,2023-08,678,1025,247,31,DESCRIPTIVE_ONLY,PREDECLARED_MINIMUM_NOT_MET,2022-12,2022-01,2022-12,SECONDARY_SENSITIVITY_ONLY,SUPPORT_ONLY_PRIMARY_MODEL_NOT_ADMITTED
C2,3,12,F2,2024-06,2024-10,1207,834,232,39,DESCRIPTIVE_ONLY,PREDECLARED_MINIMUM_NOT_MET,2023-08,2023-03,2024-02,SECONDARY_SENSITIVITY_ONLY,SUPPORT_ONLY_PRIMARY_MODEL_NOT_ADMITTED
C2,3,12,F3,2025-03,2025-09,834,261,88,13,DESCRIPTIVE_ONLY,PREDECLARED_MINIMUM_NOT_MET,2024-10,2023-12,2024-11,SECONDARY_SENSITIVITY_ONLY,SUPPORT_ONLY_PRIMARY_MODEL_NOT_ADMITTED
C2,3,12,F4,2025-10,2026-03,888,913,296,10,DESCRIPTIVE_ONLY,PREDECLARED_MINIMUM_NOT_MET,2025-06,2024-07,2025-06,SECONDARY_SENSITIVITY_ONLY,SUPPORT_ONLY_PRIMARY_MODEL_NOT_ADMITTED
C2,3,18,F1,2023-04,2023-08,678,1025,247,31,DESCRIPTIVE_ONLY,PREDECLARED_MINIMUM_NOT_MET,2022-12,2021-07,2022-12,SECONDARY_SENSITIVITY_ONLY,SUPPORT_ONLY_PRIMARY_MODEL_NOT_ADMITTED
C2,3,18,F2,2024-06,2024-10,2242,834,232,39,DESCRIPTIVE_ONLY,PREDECLARED_MINIMUM_NOT_MET,2023-08,2022-09,2024-02,SECONDARY_SENSITIVITY_ONLY,SUPPORT_ONLY_PRIMARY_MODEL_NOT_ADMITTED
C2,3,18,F3,2025-03,2025-09,1470,261,88,13,DESCRIPTIVE_ONLY,PREDECLARED_MINIMUM_NOT_MET,2024-10,2023-06,2024-11,SECONDARY_SENSITIVITY_ONLY,SUPPORT_ONLY_PRIMARY_MODEL_NOT_ADMITTED
C2,3,18,F4,2025-10,2026-03,888,913,296,10,DESCRIPTIVE_ONLY,PREDECLARED_MINIMUM_NOT_MET,2025-06,2024-01,2025-06,SECONDARY_SENSITIVITY_ONLY,SUPPORT_ONLY_PRIMARY_MODEL_NOT_ADMITTED
C2,3,24,F1,2023-04,2023-08,678,1025,247,31,DESCRIPTIVE_ONLY,PREDECLARED_MINIMUM_NOT_MET,2022-12,2021-01,2022-12,SECONDARY_SENSITIVITY_ONLY,SUPPORT_ONLY_PRIMARY_MODEL_NOT_ADMITTED
C2,3,24,F2,2024-06,2024-10,2242,834,232,39,DESCRIPTIVE_ONLY,PREDECLARED_MINIMUM_NOT_MET,2023-08,2022-03,2024-02,SECONDARY_SENSITIVITY_ONLY,SUPPORT_ONLY_PRIMARY_MODEL_NOT_ADMITTED
C2,3,24,F3,2025-03,2025-09,2571,261,88,13,DESCRIPTIVE_ONLY,PREDECLARED_MINIMUM_NOT_MET,2024-10,2022-12,2024-11,SECONDARY_SENSITIVITY_ONLY,SUPPORT_ONLY_PRIMARY_MODEL_NOT_ADMITTED
C2,3,24,F4,2025-10,2026-03,1313,913,296,10,DESCRIPTIVE_ONLY,PREDECLARED_MINIMUM_NOT_MET,2025-06,2023-07,2025-06,SECONDARY_SENSITIVITY_ONLY,SUPPORT_ONLY_PRIMARY_MODEL_NOT_ADMITTED
