canonical_project_id,reporting_month,applicable,pending,availability_pct,scenario_id,data_origin
SYN-CUF-0001,2026-06,TRUE,FALSE,100,HEALTHY_ON_TRACK,SYNTHETIC_CUF_PROTOTYPE
SYN-CUF-0002,2026-06,TRUE,FALSE,100,PHYSICAL_PROGRESS_LAG,SYNTHETIC_CUF_PROTOTYPE
SYN-CUF-0003,2026-06,TRUE,FALSE,100,PHYSICAL_STAGNATION,SYNTHETIC_CUF_PROTOTYPE
SYN-CUF-0004,2026-06,TRUE,FALSE,100,HIGH_REQUIRED_FUTURE_VELOCITY,SYNTHETIC_CUF_PROTOTYPE
SYN-CUF-0005,2026-06,TRUE,FALSE,100,FINANCIAL_BEHIND_PLAN,SYNTHETIC_CUF_PROTOTYPE
SYN-CUF-0006,2026-06,TRUE,FALSE,100,FINANCIAL_PHYSICAL_DIVERGENCE,SYNTHETIC_CUF_PROTOTYPE
SYN-CUF-0007,2026-06,TRUE,FALSE,100,MILESTONE_DELAY,SYNTHETIC_CUF_PROTOTYPE
SYN-CUF-0008,2026-06,TRUE,FALSE,100,MULTIPLE_MILESTONE_DELAYS,SYNTHETIC_CUF_PROTOTYPE
SYN-CUF-0009,2026-06,TRUE,FALSE,100,WORSENING_MILESTONE_SLIPPAGE,SYNTHETIC_CUF_PROTOTYPE
SYN-CUF-0010,2026-06,TRUE,FALSE,100,LAND_ACQUISITION_PENDING,SYNTHETIC_CUF_PROTOTYPE
SYN-CUF-0011,2026-06,TRUE,FALSE,100,LAND_DEADLINE_CONFLICT,SYNTHETIC_CUF_PROTOTYPE
SYN-CUF-0012,2026-06,TRUE,TRUE,70,ROW_PENDING,SYNTHETIC_CUF_PROTOTYPE
SYN-CUF-0013,2026-06,TRUE,FALSE,100,CLEARANCE_PENDING,SYNTHETIC_CUF_PROTOTYPE
SYN-CUF-0014,2026-06,TRUE,FALSE,100,MULTIPLE_CLEARANCES_PENDING,SYNTHETIC_CUF_PROTOTYPE
SYN-CUF-0015,2026-06,TRUE,FALSE,100,TENDER_AWARD_PENDING,SYNTHETIC_CUF_PROTOTYPE
SYN-CUF-0016,2026-06,TRUE,FALSE,100,PROLONGED_TENDER_CYCLE,SYNTHETIC_CUF_PROTOTYPE
SYN-CUF-0017,2026-06,TRUE,FALSE,100,REPORTING_GAP,SYNTHETIC_CUF_PROTOTYPE
SYN-CUF-0018,2026-06,TRUE,FALSE,100,STALE_REPORTING,SYNTHETIC_CUF_PROTOTYPE
SYN-CUF-0019,2026-06,TRUE,FALSE,100,POOR_PROVENANCE,SYNTHETIC_CUF_PROTOTYPE
SYN-CUF-0020,2026-06,TRUE,FALSE,100,RECOVERY_AFTER_STAGNATION,SYNTHETIC_CUF_PROTOTYPE
SYN-CUF-0021,2026-06,TRUE,FALSE,100,IMPROVING_PROJECT,SYNTHETIC_CUF_PROTOTYPE
SYN-CUF-0022,2026-06,TRUE,TRUE,70,MULTI_PRESSURE_PROJECT,SYNTHETIC_CUF_PROTOTYPE
SYN-CUF-0023,2026-06,TRUE,FALSE,100,DATA_INSUFFICIENT_PROJECT,SYNTHETIC_CUF_PROTOTYPE
SYN-CUF-0024,2026-06,TRUE,FALSE,100,HEALTHY_ON_TRACK,SYNTHETIC_CUF_PROTOTYPE
SYN-CUF-0025,2026-06,TRUE,FALSE,100,PHYSICAL_PROGRESS_LAG,SYNTHETIC_CUF_PROTOTYPE
SYN-CUF-0026,2026-06,TRUE,FALSE,100,PHYSICAL_STAGNATION,SYNTHETIC_CUF_PROTOTYPE
SYN-CUF-0027,2026-06,TRUE,FALSE,100,HIGH_REQUIRED_FUTURE_VELOCITY,SYNTHETIC_CUF_PROTOTYPE
SYN-CUF-0028,2026-06,TRUE,FALSE,100,FINANCIAL_BEHIND_PLAN,SYNTHETIC_CUF_PROTOTYPE
SYN-CUF-0029,2026-06,TRUE,FALSE,100,FINANCIAL_PHYSICAL_DIVERGENCE,SYNTHETIC_CUF_PROTOTYPE
SYN-CUF-0030,2026-06,TRUE,FALSE,100,MILESTONE_DELAY,SYNTHETIC_CUF_PROTOTYPE
SYN-CUF-0031,2026-06,TRUE,FALSE,100,MULTIPLE_MILESTONE_DELAYS,SYNTHETIC_CUF_PROTOTYPE
SYN-CUF-0032,2026-06,TRUE,FALSE,100,WORSENING_MILESTONE_SLIPPAGE,SYNTHETIC_CUF_PROTOTYPE
SYN-CUF-0033,2026-06,TRUE,FALSE,100,LAND_ACQUISITION_PENDING,SYNTHETIC_CUF_PROTOTYPE
SYN-CUF-0034,2026-06,TRUE,FALSE,100,LAND_DEADLINE_CONFLICT,SYNTHETIC_CUF_PROTOTYPE
SYN-CUF-0035,2026-06,TRUE,TRUE,70,ROW_PENDING,SYNTHETIC_CUF_PROTOTYPE
SYN-CUF-0036,2026-06,TRUE,FALSE,100,CLEARANCE_PENDING,SYNTHETIC_CUF_PROTOTYPE
SYN-CUF-0037,2026-06,TRUE,FALSE,100,MULTIPLE_CLEARANCES_PENDING,SYNTHETIC_CUF_PROTOTYPE
SYN-CUF-0038,2026-06,TRUE,FALSE,100,TENDER_AWARD_PENDING,SYNTHETIC_CUF_PROTOTYPE
SYN-CUF-0039,2026-06,TRUE,FALSE,100,PROLONGED_TENDER_CYCLE,SYNTHETIC_CUF_PROTOTYPE
SYN-CUF-0040,2026-06,TRUE,FALSE,100,REPORTING_GAP,SYNTHETIC_CUF_PROTOTYPE
SYN-CUF-0041,2026-06,TRUE,FALSE,100,STALE_REPORTING,SYNTHETIC_CUF_PROTOTYPE
SYN-CUF-0042,2026-06,TRUE,FALSE,100,POOR_PROVENANCE,SYNTHETIC_CUF_PROTOTYPE
SYN-CUF-0043,2026-06,TRUE,FALSE,100,RECOVERY_AFTER_STAGNATION,SYNTHETIC_CUF_PROTOTYPE
SYN-CUF-0044,2026-06,TRUE,FALSE,100,IMPROVING_PROJECT,SYNTHETIC_CUF_PROTOTYPE
SYN-CUF-0045,2026-06,TRUE,TRUE,70,MULTI_PRESSURE_PROJECT,SYNTHETIC_CUF_PROTOTYPE
SYN-CUF-0046,2026-06,TRUE,FALSE,100,DATA_INSUFFICIENT_PROJECT,SYNTHETIC_CUF_PROTOTYPE
SYN-CUF-0047,2026-06,TRUE,FALSE,100,HEALTHY_ON_TRACK,SYNTHETIC_CUF_PROTOTYPE
SYN-CUF-0048,2026-06,TRUE,FALSE,100,PHYSICAL_PROGRESS_LAG,SYNTHETIC_CUF_PROTOTYPE
SYN-CUF-0049,2026-06,TRUE,FALSE,100,PHYSICAL_STAGNATION,SYNTHETIC_CUF_PROTOTYPE
SYN-CUF-0050,2026-06,TRUE,FALSE,100,HIGH_REQUIRED_FUTURE_VELOCITY,SYNTHETIC_CUF_PROTOTYPE
SYN-CUF-0051,2026-06,TRUE,FALSE,100,FINANCIAL_BEHIND_PLAN,SYNTHETIC_CUF_PROTOTYPE
SYN-CUF-0052,2026-06,TRUE,FALSE,100,FINANCIAL_PHYSICAL_DIVERGENCE,SYNTHETIC_CUF_PROTOTYPE
SYN-CUF-0053,2026-06,TRUE,FALSE,100,MILESTONE_DELAY,SYNTHETIC_CUF_PROTOTYPE
SYN-CUF-0054,2026-06,TRUE,FALSE,100,MULTIPLE_MILESTONE_DELAYS,SYNTHETIC_CUF_PROTOTYPE
SYN-CUF-0055,2026-06,TRUE,FALSE,100,WORSENING_MILESTONE_SLIPPAGE,SYNTHETIC_CUF_PROTOTYPE
SYN-CUF-0056,2026-06,TRUE,FALSE,100,LAND_ACQUISITION_PENDING,SYNTHETIC_CUF_PROTOTYPE
SYN-CUF-0057,2026-06,TRUE,FALSE,100,LAND_DEADLINE_CONFLICT,SYNTHETIC_CUF_PROTOTYPE
SYN-CUF-0058,2026-06,TRUE,TRUE,70,ROW_PENDING,SYNTHETIC_CUF_PROTOTYPE
SYN-CUF-0059,2026-06,TRUE,FALSE,100,CLEARANCE_PENDING,SYNTHETIC_CUF_PROTOTYPE
SYN-CUF-0060,2026-06,TRUE,FALSE,100,MULTIPLE_CLEARANCES_PENDING,SYNTHETIC_CUF_PROTOTYPE
SYN-CUF-0061,2026-06,TRUE,FALSE,100,TENDER_AWARD_PENDING,SYNTHETIC_CUF_PROTOTYPE
SYN-CUF-0062,2026-06,TRUE,FALSE,100,PROLONGED_TENDER_CYCLE,SYNTHETIC_CUF_PROTOTYPE
SYN-CUF-0063,2026-06,TRUE,FALSE,100,REPORTING_GAP,SYNTHETIC_CUF_PROTOTYPE
SYN-CUF-0064,2026-06,TRUE,FALSE,100,STALE_REPORTING,SYNTHETIC_CUF_PROTOTYPE
SYN-CUF-0065,2026-06,TRUE,FALSE,100,POOR_PROVENANCE,SYNTHETIC_CUF_PROTOTYPE
SYN-CUF-0066,2026-06,TRUE,FALSE,100,RECOVERY_AFTER_STAGNATION,SYNTHETIC_CUF_PROTOTYPE
SYN-CUF-0067,2026-06,TRUE,FALSE,100,IMPROVING_PROJECT,SYNTHETIC_CUF_PROTOTYPE
SYN-CUF-0068,2026-06,TRUE,TRUE,70,MULTI_PRESSURE_PROJECT,SYNTHETIC_CUF_PROTOTYPE
SYN-CUF-0069,2026-06,TRUE,FALSE,100,DATA_INSUFFICIENT_PROJECT,SYNTHETIC_CUF_PROTOTYPE
SYN-CUF-0070,2026-06,TRUE,FALSE,100,HEALTHY_ON_TRACK,SYNTHETIC_CUF_PROTOTYPE
SYN-CUF-0071,2026-06,TRUE,FALSE,100,PHYSICAL_PROGRESS_LAG,SYNTHETIC_CUF_PROTOTYPE
SYN-CUF-0072,2026-06,TRUE,FALSE,100,PHYSICAL_STAGNATION,SYNTHETIC_CUF_PROTOTYPE
SYN-CUF-0073,2026-06,TRUE,FALSE,100,HIGH_REQUIRED_FUTURE_VELOCITY,SYNTHETIC_CUF_PROTOTYPE
SYN-CUF-0074,2026-06,TRUE,FALSE,100,FINANCIAL_BEHIND_PLAN,SYNTHETIC_CUF_PROTOTYPE
SYN-CUF-0075,2026-06,TRUE,FALSE,100,FINANCIAL_PHYSICAL_DIVERGENCE,SYNTHETIC_CUF_PROTOTYPE
SYN-CUF-0076,2026-06,TRUE,FALSE,100,MILESTONE_DELAY,SYNTHETIC_CUF_PROTOTYPE
SYN-CUF-0077,2026-06,TRUE,FALSE,100,MULTIPLE_MILESTONE_DELAYS,SYNTHETIC_CUF_PROTOTYPE
SYN-CUF-0078,2026-06,TRUE,FALSE,100,WORSENING_MILESTONE_SLIPPAGE,SYNTHETIC_CUF_PROTOTYPE
SYN-CUF-0079,2026-06,TRUE,FALSE,100,LAND_ACQUISITION_PENDING,SYNTHETIC_CUF_PROTOTYPE
SYN-CUF-0080,2026-06,TRUE,FALSE,100,LAND_DEADLINE_CONFLICT,SYNTHETIC_CUF_PROTOTYPE
SYN-CUF-0081,2026-06,TRUE,TRUE,70,ROW_PENDING,SYNTHETIC_CUF_PROTOTYPE
SYN-CUF-0082,2026-06,TRUE,FALSE,100,CLEARANCE_PENDING,SYNTHETIC_CUF_PROTOTYPE
SYN-CUF-0083,2026-06,TRUE,FALSE,100,MULTIPLE_CLEARANCES_PENDING,SYNTHETIC_CUF_PROTOTYPE
SYN-CUF-0084,2026-06,TRUE,FALSE,100,TENDER_AWARD_PENDING,SYNTHETIC_CUF_PROTOTYPE
SYN-CUF-0085,2026-06,TRUE,FALSE,100,PROLONGED_TENDER_CYCLE,SYNTHETIC_CUF_PROTOTYPE
SYN-CUF-0086,2026-06,TRUE,FALSE,100,REPORTING_GAP,SYNTHETIC_CUF_PROTOTYPE
SYN-CUF-0087,2026-06,TRUE,FALSE,100,STALE_REPORTING,SYNTHETIC_CUF_PROTOTYPE
SYN-CUF-0088,2026-06,TRUE,FALSE,100,POOR_PROVENANCE,SYNTHETIC_CUF_PROTOTYPE
SYN-CUF-0089,2026-06,TRUE,FALSE,100,RECOVERY_AFTER_STAGNATION,SYNTHETIC_CUF_PROTOTYPE
SYN-CUF-0090,2026-06,TRUE,FALSE,100,IMPROVING_PROJECT,SYNTHETIC_CUF_PROTOTYPE
SYN-CUF-0091,2026-06,TRUE,TRUE,70,MULTI_PRESSURE_PROJECT,SYNTHETIC_CUF_PROTOTYPE
SYN-CUF-0092,2026-06,TRUE,FALSE,100,DATA_INSUFFICIENT_PROJECT,SYNTHETIC_CUF_PROTOTYPE
SYN-CUF-0093,2026-06,TRUE,FALSE,100,HEALTHY_ON_TRACK,SYNTHETIC_CUF_PROTOTYPE
SYN-CUF-0094,2026-06,TRUE,FALSE,100,PHYSICAL_PROGRESS_LAG,SYNTHETIC_CUF_PROTOTYPE
SYN-CUF-0095,2026-06,TRUE,FALSE,100,PHYSICAL_STAGNATION,SYNTHETIC_CUF_PROTOTYPE
SYN-CUF-0096,2026-06,TRUE,FALSE,100,HIGH_REQUIRED_FUTURE_VELOCITY,SYNTHETIC_CUF_PROTOTYPE
SYN-CUF-0097,2026-06,TRUE,FALSE,100,FINANCIAL_BEHIND_PLAN,SYNTHETIC_CUF_PROTOTYPE
SYN-CUF-0098,2026-06,TRUE,FALSE,100,FINANCIAL_PHYSICAL_DIVERGENCE,SYNTHETIC_CUF_PROTOTYPE
SYN-CUF-0099,2026-06,TRUE,FALSE,100,MILESTONE_DELAY,SYNTHETIC_CUF_PROTOTYPE
SYN-CUF-0100,2026-06,TRUE,FALSE,100,MULTIPLE_MILESTONE_DELAYS,SYNTHETIC_CUF_PROTOTYPE
SYN-CUF-0101,2026-06,TRUE,FALSE,100,WORSENING_MILESTONE_SLIPPAGE,SYNTHETIC_CUF_PROTOTYPE
SYN-CUF-0102,2026-06,TRUE,FALSE,100,LAND_ACQUISITION_PENDING,SYNTHETIC_CUF_PROTOTYPE
SYN-CUF-0103,2026-06,TRUE,FALSE,100,LAND_DEADLINE_CONFLICT,SYNTHETIC_CUF_PROTOTYPE
SYN-CUF-0104,2026-06,TRUE,TRUE,70,ROW_PENDING,SYNTHETIC_CUF_PROTOTYPE
SYN-CUF-0105,2026-06,TRUE,FALSE,100,CLEARANCE_PENDING,SYNTHETIC_CUF_PROTOTYPE
SYN-CUF-0106,2026-06,TRUE,FALSE,100,MULTIPLE_CLEARANCES_PENDING,SYNTHETIC_CUF_PROTOTYPE
SYN-CUF-0107,2026-06,TRUE,FALSE,100,TENDER_AWARD_PENDING,SYNTHETIC_CUF_PROTOTYPE
SYN-CUF-0108,2026-06,TRUE,FALSE,100,PROLONGED_TENDER_CYCLE,SYNTHETIC_CUF_PROTOTYPE
SYN-CUF-0109,2026-06,TRUE,FALSE,100,REPORTING_GAP,SYNTHETIC_CUF_PROTOTYPE
SYN-CUF-0110,2026-06,TRUE,FALSE,100,STALE_REPORTING,SYNTHETIC_CUF_PROTOTYPE
SYN-CUF-0111,2026-06,TRUE,FALSE,100,POOR_PROVENANCE,SYNTHETIC_CUF_PROTOTYPE
SYN-CUF-0112,2026-06,TRUE,FALSE,100,RECOVERY_AFTER_STAGNATION,SYNTHETIC_CUF_PROTOTYPE
SYN-CUF-0113,2026-06,TRUE,FALSE,100,IMPROVING_PROJECT,SYNTHETIC_CUF_PROTOTYPE
SYN-CUF-0114,2026-06,TRUE,TRUE,70,MULTI_PRESSURE_PROJECT,SYNTHETIC_CUF_PROTOTYPE
SYN-CUF-0115,2026-06,TRUE,FALSE,100,DATA_INSUFFICIENT_PROJECT,SYNTHETIC_CUF_PROTOTYPE
SYN-CUF-0116,2026-06,TRUE,FALSE,100,HEALTHY_ON_TRACK,SYNTHETIC_CUF_PROTOTYPE
SYN-CUF-0117,2026-06,TRUE,FALSE,100,PHYSICAL_PROGRESS_LAG,SYNTHETIC_CUF_PROTOTYPE
SYN-CUF-0118,2026-06,TRUE,FALSE,100,PHYSICAL_STAGNATION,SYNTHETIC_CUF_PROTOTYPE
SYN-CUF-0119,2026-06,TRUE,FALSE,100,HIGH_REQUIRED_FUTURE_VELOCITY,SYNTHETIC_CUF_PROTOTYPE
SYN-CUF-0120,2026-06,TRUE,FALSE,100,FINANCIAL_BEHIND_PLAN,SYNTHETIC_CUF_PROTOTYPE
SYN-CUF-0121,2026-06,TRUE,FALSE,100,CLEARANCE_PENDING,SYNTHETIC_CUF_PROTOTYPE
SYN-CUF-0122,2026-06,TRUE,FALSE,100,TENDER_AWARD_PENDING,SYNTHETIC_CUF_PROTOTYPE
SYN-CUF-0123,2026-06,TRUE,TRUE,70,MULTI_PRESSURE_PROJECT,SYNTHETIC_CUF_PROTOTYPE
SYN-CUF-0124,2026-06,TRUE,FALSE,100,PHYSICAL_PROGRESS_LAG,SYNTHETIC_CUF_PROTOTYPE
SYN-CUF-0125,2026-06,TRUE,FALSE,100,MULTIPLE_MILESTONE_DELAYS,SYNTHETIC_CUF_PROTOTYPE
SYN-CUF-0126,2026-06,TRUE,FALSE,100,STALE_REPORTING,SYNTHETIC_CUF_PROTOTYPE
SYN-CUF-0127,2026-06,TRUE,TRUE,70,ROW_PENDING,SYNTHETIC_CUF_PROTOTYPE
SYN-CUF-0128,2026-06,TRUE,TRUE,70,MULTI_PRESSURE_PROJECT,SYNTHETIC_CUF_PROTOTYPE
SYN-CUF-0129,2026-06,TRUE,FALSE,100,FINANCIAL_BEHIND_PLAN,SYNTHETIC_CUF_PROTOTYPE
SYN-CUF-0130,2026-06,TRUE,FALSE,100,PHYSICAL_PROGRESS_LAG,SYNTHETIC_CUF_PROTOTYPE
SYN-CUF-0131,2026-06,TRUE,FALSE,100,HEALTHY_ON_TRACK,SYNTHETIC_CUF_PROTOTYPE
SYN-CUF-0132,2026-06,TRUE,FALSE,100,RECOVERY_AFTER_STAGNATION,SYNTHETIC_CUF_PROTOTYPE
SYN-CUF-0133,2026-06,TRUE,FALSE,100,MILESTONE_DELAY,SYNTHETIC_CUF_PROTOTYPE
SYN-CUF-0134,2026-06,TRUE,FALSE,100,PHYSICAL_PROGRESS_LAG,SYNTHETIC_CUF_PROTOTYPE
SYN-CUF-0135,2026-06,TRUE,FALSE,100,CLEARANCE_PENDING,SYNTHETIC_CUF_PROTOTYPE
SYN-CUF-0136,2026-06,TRUE,FALSE,100,CLEARANCE_PENDING,SYNTHETIC_CUF_PROTOTYPE
SYN-CUF-0137,2026-06,TRUE,FALSE,100,DATA_INSUFFICIENT_PROJECT,SYNTHETIC_CUF_PROTOTYPE
SYN-CUF-0138,2026-06,TRUE,FALSE,100,PHYSICAL_PROGRESS_LAG,SYNTHETIC_CUF_PROTOTYPE
SYN-CUF-0139,2026-06,TRUE,FALSE,100,POOR_PROVENANCE,SYNTHETIC_CUF_PROTOTYPE
SYN-CUF-0140,2026-06,TRUE,FALSE,100,CLEARANCE_PENDING,SYNTHETIC_CUF_PROTOTYPE
SYN-CUF-0141,2026-06,TRUE,TRUE,70,ROW_PENDING,SYNTHETIC_CUF_PROTOTYPE
SYN-CUF-0142,2026-06,TRUE,FALSE,100,REPORTING_GAP,SYNTHETIC_CUF_PROTOTYPE
SYN-CUF-0143,2026-06,TRUE,FALSE,100,MULTIPLE_CLEARANCES_PENDING,SYNTHETIC_CUF_PROTOTYPE
SYN-CUF-0144,2026-06,TRUE,TRUE,70,ROW_PENDING,SYNTHETIC_CUF_PROTOTYPE
SYN-CUF-0145,2026-06,TRUE,FALSE,100,IMPROVING_PROJECT,SYNTHETIC_CUF_PROTOTYPE
SYN-CUF-0146,2026-06,TRUE,FALSE,100,STALE_REPORTING,SYNTHETIC_CUF_PROTOTYPE
SYN-CUF-0147,2026-06,TRUE,TRUE,70,ROW_PENDING,SYNTHETIC_CUF_PROTOTYPE
SYN-CUF-0148,2026-06,TRUE,FALSE,100,REPORTING_GAP,SYNTHETIC_CUF_PROTOTYPE
SYN-CUF-0149,2026-06,TRUE,FALSE,100,STALE_REPORTING,SYNTHETIC_CUF_PROTOTYPE
SYN-CUF-0150,2026-06,TRUE,FALSE,100,IMPROVING_PROJECT,SYNTHETIC_CUF_PROTOTYPE
SYN-CUF-0151,2026-06,TRUE,FALSE,100,HIGH_REQUIRED_FUTURE_VELOCITY,SYNTHETIC_CUF_PROTOTYPE
SYN-CUF-0152,2026-06,TRUE,FALSE,100,IMPROVING_PROJECT,SYNTHETIC_CUF_PROTOTYPE
SYN-CUF-0153,2026-06,TRUE,TRUE,70,MULTI_PRESSURE_PROJECT,SYNTHETIC_CUF_PROTOTYPE
SYN-CUF-0154,2026-06,TRUE,FALSE,100,DATA_INSUFFICIENT_PROJECT,SYNTHETIC_CUF_PROTOTYPE
SYN-CUF-0155,2026-06,TRUE,FALSE,100,PHYSICAL_PROGRESS_LAG,SYNTHETIC_CUF_PROTOTYPE
SYN-CUF-0156,2026-06,TRUE,FALSE,100,IMPROVING_PROJECT,SYNTHETIC_CUF_PROTOTYPE
SYN-CUF-0157,2026-06,TRUE,FALSE,100,FINANCIAL_BEHIND_PLAN,SYNTHETIC_CUF_PROTOTYPE
SYN-CUF-0158,2026-06,TRUE,FALSE,100,PHYSICAL_STAGNATION,SYNTHETIC_CUF_PROTOTYPE
SYN-CUF-0159,2026-06,TRUE,FALSE,100,HEALTHY_ON_TRACK,SYNTHETIC_CUF_PROTOTYPE
SYN-CUF-0160,2026-06,TRUE,FALSE,100,LAND_DEADLINE_CONFLICT,SYNTHETIC_CUF_PROTOTYPE
SYN-CUF-0161,2026-06,TRUE,FALSE,100,MULTIPLE_MILESTONE_DELAYS,SYNTHETIC_CUF_PROTOTYPE
SYN-CUF-0162,2026-06,TRUE,FALSE,100,LAND_ACQUISITION_PENDING,SYNTHETIC_CUF_PROTOTYPE
SYN-CUF-0163,2026-06,TRUE,FALSE,100,LAND_DEADLINE_CONFLICT,SYNTHETIC_CUF_PROTOTYPE
SYN-CUF-0164,2026-06,TRUE,FALSE,100,PHYSICAL_STAGNATION,SYNTHETIC_CUF_PROTOTYPE
SYN-CUF-0165,2026-06,TRUE,FALSE,100,PROLONGED_TENDER_CYCLE,SYNTHETIC_CUF_PROTOTYPE
SYN-CUF-0166,2026-06,TRUE,FALSE,100,STALE_REPORTING,SYNTHETIC_CUF_PROTOTYPE
SYN-CUF-0167,2026-06,TRUE,TRUE,70,ROW_PENDING,SYNTHETIC_CUF_PROTOTYPE
SYN-CUF-0168,2026-06,TRUE,FALSE,100,REPORTING_GAP,SYNTHETIC_CUF_PROTOTYPE
SYN-CUF-0169,2026-06,TRUE,FALSE,100,PHYSICAL_PROGRESS_LAG,SYNTHETIC_CUF_PROTOTYPE
SYN-CUF-0170,2026-06,TRUE,FALSE,100,CLEARANCE_PENDING,SYNTHETIC_CUF_PROTOTYPE
SYN-CUF-0171,2026-06,TRUE,FALSE,100,PHYSICAL_STAGNATION,SYNTHETIC_CUF_PROTOTYPE
SYN-CUF-0172,2026-06,TRUE,FALSE,100,MILESTONE_DELAY,SYNTHETIC_CUF_PROTOTYPE
SYN-CUF-0173,2026-06,TRUE,FALSE,100,PHYSICAL_STAGNATION,SYNTHETIC_CUF_PROTOTYPE
SYN-CUF-0174,2026-06,TRUE,FALSE,100,MILESTONE_DELAY,SYNTHETIC_CUF_PROTOTYPE
SYN-CUF-0175,2026-06,TRUE,FALSE,100,MILESTONE_DELAY,SYNTHETIC_CUF_PROTOTYPE
SYN-CUF-0176,2026-06,TRUE,TRUE,70,ROW_PENDING,SYNTHETIC_CUF_PROTOTYPE
SYN-CUF-0177,2026-06,TRUE,FALSE,100,HIGH_REQUIRED_FUTURE_VELOCITY,SYNTHETIC_CUF_PROTOTYPE
SYN-CUF-0178,2026-06,TRUE,FALSE,100,REPORTING_GAP,SYNTHETIC_CUF_PROTOTYPE
SYN-CUF-0179,2026-06,TRUE,FALSE,100,FINANCIAL_BEHIND_PLAN,SYNTHETIC_CUF_PROTOTYPE
SYN-CUF-0180,2026-06,TRUE,TRUE,70,MULTI_PRESSURE_PROJECT,SYNTHETIC_CUF_PROTOTYPE
SYN-CUF-0181,2026-06,TRUE,FALSE,100,STALE_REPORTING,SYNTHETIC_CUF_PROTOTYPE
SYN-CUF-0182,2026-06,TRUE,TRUE,70,ROW_PENDING,SYNTHETIC_CUF_PROTOTYPE
SYN-CUF-0183,2026-06,TRUE,FALSE,100,CLEARANCE_PENDING,SYNTHETIC_CUF_PROTOTYPE
SYN-CUF-0184,2026-06,TRUE,FALSE,100,HEALTHY_ON_TRACK,SYNTHETIC_CUF_PROTOTYPE
SYN-CUF-0185,2026-06,TRUE,FALSE,100,PROLONGED_TENDER_CYCLE,SYNTHETIC_CUF_PROTOTYPE
SYN-CUF-0186,2026-06,TRUE,FALSE,100,IMPROVING_PROJECT,SYNTHETIC_CUF_PROTOTYPE
SYN-CUF-0187,2026-06,TRUE,FALSE,100,WORSENING_MILESTONE_SLIPPAGE,SYNTHETIC_CUF_PROTOTYPE
SYN-CUF-0188,2026-06,TRUE,FALSE,100,LAND_DEADLINE_CONFLICT,SYNTHETIC_CUF_PROTOTYPE
SYN-CUF-0189,2026-06,TRUE,FALSE,100,CLEARANCE_PENDING,SYNTHETIC_CUF_PROTOTYPE
SYN-CUF-0190,2026-06,TRUE,FALSE,100,TENDER_AWARD_PENDING,SYNTHETIC_CUF_PROTOTYPE
SYN-CUF-0191,2026-06,TRUE,FALSE,100,FINANCIAL_BEHIND_PLAN,SYNTHETIC_CUF_PROTOTYPE
SYN-CUF-0192,2026-06,TRUE,FALSE,100,MULTIPLE_MILESTONE_DELAYS,SYNTHETIC_CUF_PROTOTYPE
SYN-CUF-0193,2026-06,TRUE,FALSE,100,FINANCIAL_BEHIND_PLAN,SYNTHETIC_CUF_PROTOTYPE
SYN-CUF-0194,2026-06,TRUE,FALSE,100,LAND_ACQUISITION_PENDING,SYNTHETIC_CUF_PROTOTYPE
SYN-CUF-0195,2026-06,TRUE,FALSE,100,REPORTING_GAP,SYNTHETIC_CUF_PROTOTYPE
SYN-CUF-0196,2026-06,TRUE,FALSE,100,HIGH_REQUIRED_FUTURE_VELOCITY,SYNTHETIC_CUF_PROTOTYPE
SYN-CUF-0197,2026-06,TRUE,FALSE,100,MILESTONE_DELAY,SYNTHETIC_CUF_PROTOTYPE
SYN-CUF-0198,2026-06,TRUE,FALSE,100,POOR_PROVENANCE,SYNTHETIC_CUF_PROTOTYPE
SYN-CUF-0199,2026-06,TRUE,FALSE,100,MULTIPLE_CLEARANCES_PENDING,SYNTHETIC_CUF_PROTOTYPE
SYN-CUF-0200,2026-06,TRUE,FALSE,100,IMPROVING_PROJECT,SYNTHETIC_CUF_PROTOTYPE
SYN-CUF-0201,2026-06,TRUE,FALSE,100,MULTIPLE_MILESTONE_DELAYS,SYNTHETIC_CUF_PROTOTYPE
SYN-CUF-0202,2026-06,TRUE,FALSE,100,TENDER_AWARD_PENDING,SYNTHETIC_CUF_PROTOTYPE
SYN-CUF-0203,2026-06,TRUE,TRUE,70,ROW_PENDING,SYNTHETIC_CUF_PROTOTYPE
SYN-CUF-0204,2026-06,TRUE,FALSE,100,DATA_INSUFFICIENT_PROJECT,SYNTHETIC_CUF_PROTOTYPE
SYN-CUF-0205,2026-06,TRUE,FALSE,100,TENDER_AWARD_PENDING,SYNTHETIC_CUF_PROTOTYPE
SYN-CUF-0206,2026-06,TRUE,FALSE,100,FINANCIAL_BEHIND_PLAN,SYNTHETIC_CUF_PROTOTYPE
SYN-CUF-0207,2026-06,TRUE,FALSE,100,MULTIPLE_CLEARANCES_PENDING,SYNTHETIC_CUF_PROTOTYPE
SYN-CUF-0208,2026-06,TRUE,FALSE,100,MILESTONE_DELAY,SYNTHETIC_CUF_PROTOTYPE
SYN-CUF-0209,2026-06,TRUE,TRUE,70,ROW_PENDING,SYNTHETIC_CUF_PROTOTYPE
SYN-CUF-0210,2026-06,TRUE,FALSE,100,RECOVERY_AFTER_STAGNATION,SYNTHETIC_CUF_PROTOTYPE
SYN-CUF-0211,2026-06,TRUE,FALSE,100,IMPROVING_PROJECT,SYNTHETIC_CUF_PROTOTYPE
SYN-CUF-0212,2026-06,TRUE,FALSE,100,FINANCIAL_PHYSICAL_DIVERGENCE,SYNTHETIC_CUF_PROTOTYPE
SYN-CUF-0213,2026-06,TRUE,FALSE,100,MULTIPLE_MILESTONE_DELAYS,SYNTHETIC_CUF_PROTOTYPE
SYN-CUF-0214,2026-06,TRUE,FALSE,100,DATA_INSUFFICIENT_PROJECT,SYNTHETIC_CUF_PROTOTYPE
SYN-CUF-0215,2026-06,TRUE,FALSE,100,FINANCIAL_PHYSICAL_DIVERGENCE,SYNTHETIC_CUF_PROTOTYPE
SYN-CUF-0216,2026-06,TRUE,FALSE,100,HEALTHY_ON_TRACK,SYNTHETIC_CUF_PROTOTYPE
SYN-CUF-0217,2026-06,TRUE,FALSE,100,CLEARANCE_PENDING,SYNTHETIC_CUF_PROTOTYPE
SYN-CUF-0218,2026-06,TRUE,FALSE,100,DATA_INSUFFICIENT_PROJECT,SYNTHETIC_CUF_PROTOTYPE
SYN-CUF-0219,2026-06,TRUE,FALSE,100,MULTIPLE_MILESTONE_DELAYS,SYNTHETIC_CUF_PROTOTYPE
SYN-CUF-0220,2026-06,TRUE,FALSE,100,MILESTONE_DELAY,SYNTHETIC_CUF_PROTOTYPE
SYN-CUF-0221,2026-06,TRUE,FALSE,100,RECOVERY_AFTER_STAGNATION,SYNTHETIC_CUF_PROTOTYPE
SYN-CUF-0222,2026-06,TRUE,FALSE,100,CLEARANCE_PENDING,SYNTHETIC_CUF_PROTOTYPE
SYN-CUF-0223,2026-06,TRUE,FALSE,100,REPORTING_GAP,SYNTHETIC_CUF_PROTOTYPE
SYN-CUF-0224,2026-06,TRUE,FALSE,100,POOR_PROVENANCE,SYNTHETIC_CUF_PROTOTYPE
SYN-CUF-0225,2026-06,TRUE,FALSE,100,HEALTHY_ON_TRACK,SYNTHETIC_CUF_PROTOTYPE
SYN-CUF-0226,2026-06,TRUE,FALSE,100,PHYSICAL_PROGRESS_LAG,SYNTHETIC_CUF_PROTOTYPE
SYN-CUF-0227,2026-06,TRUE,FALSE,100,REPORTING_GAP,SYNTHETIC_CUF_PROTOTYPE
SYN-CUF-0228,2026-06,TRUE,FALSE,100,FINANCIAL_BEHIND_PLAN,SYNTHETIC_CUF_PROTOTYPE
SYN-CUF-0229,2026-06,TRUE,FALSE,100,MILESTONE_DELAY,SYNTHETIC_CUF_PROTOTYPE
SYN-CUF-0230,2026-06,TRUE,FALSE,100,MULTIPLE_MILESTONE_DELAYS,SYNTHETIC_CUF_PROTOTYPE
SYN-CUF-0231,2026-06,TRUE,FALSE,100,PROLONGED_TENDER_CYCLE,SYNTHETIC_CUF_PROTOTYPE
SYN-CUF-0232,2026-06,TRUE,FALSE,100,DATA_INSUFFICIENT_PROJECT,SYNTHETIC_CUF_PROTOTYPE
SYN-CUF-0233,2026-06,TRUE,FALSE,100,MULTIPLE_MILESTONE_DELAYS,SYNTHETIC_CUF_PROTOTYPE
SYN-CUF-0234,2026-06,TRUE,FALSE,100,PHYSICAL_STAGNATION,SYNTHETIC_CUF_PROTOTYPE
SYN-CUF-0235,2026-06,TRUE,FALSE,100,TENDER_AWARD_PENDING,SYNTHETIC_CUF_PROTOTYPE
SYN-CUF-0236,2026-06,TRUE,TRUE,70,ROW_PENDING,SYNTHETIC_CUF_PROTOTYPE
SYN-CUF-0237,2026-06,TRUE,FALSE,100,TENDER_AWARD_PENDING,SYNTHETIC_CUF_PROTOTYPE
SYN-CUF-0238,2026-06,TRUE,FALSE,100,REPORTING_GAP,SYNTHETIC_CUF_PROTOTYPE
SYN-CUF-0239,2026-06,TRUE,FALSE,100,STALE_REPORTING,SYNTHETIC_CUF_PROTOTYPE
SYN-CUF-0240,2026-06,TRUE,FALSE,100,HIGH_REQUIRED_FUTURE_VELOCITY,SYNTHETIC_CUF_PROTOTYPE
SYN-CUF-0241,2026-06,TRUE,FALSE,100,TENDER_AWARD_PENDING,SYNTHETIC_CUF_PROTOTYPE
SYN-CUF-0242,2026-06,TRUE,TRUE,70,ROW_PENDING,SYNTHETIC_CUF_PROTOTYPE
SYN-CUF-0243,2026-06,TRUE,FALSE,100,TENDER_AWARD_PENDING,SYNTHETIC_CUF_PROTOTYPE
SYN-CUF-0244,2026-06,TRUE,FALSE,100,CLEARANCE_PENDING,SYNTHETIC_CUF_PROTOTYPE
SYN-CUF-0245,2026-06,TRUE,FALSE,100,FINANCIAL_BEHIND_PLAN,SYNTHETIC_CUF_PROTOTYPE
SYN-CUF-0246,2026-06,TRUE,FALSE,100,LAND_DEADLINE_CONFLICT,SYNTHETIC_CUF_PROTOTYPE
SYN-CUF-0247,2026-06,TRUE,TRUE,70,MULTI_PRESSURE_PROJECT,SYNTHETIC_CUF_PROTOTYPE
SYN-CUF-0248,2026-06,TRUE,FALSE,100,RECOVERY_AFTER_STAGNATION,SYNTHETIC_CUF_PROTOTYPE
SYN-CUF-0249,2026-06,TRUE,FALSE,100,MULTIPLE_CLEARANCES_PENDING,SYNTHETIC_CUF_PROTOTYPE
SYN-CUF-0250,2026-06,TRUE,FALSE,100,WORSENING_MILESTONE_SLIPPAGE,SYNTHETIC_CUF_PROTOTYPE
SYN-CUF-0251,2026-06,TRUE,FALSE,100,PROLONGED_TENDER_CYCLE,SYNTHETIC_CUF_PROTOTYPE
SYN-CUF-0252,2026-06,TRUE,FALSE,100,HEALTHY_ON_TRACK,SYNTHETIC_CUF_PROTOTYPE
SYN-CUF-0253,2026-06,TRUE,TRUE,70,ROW_PENDING,SYNTHETIC_CUF_PROTOTYPE
SYN-CUF-0254,2026-06,TRUE,FALSE,100,RECOVERY_AFTER_STAGNATION,SYNTHETIC_CUF_PROTOTYPE
SYN-CUF-0255,2026-06,TRUE,TRUE,70,MULTI_PRESSURE_PROJECT,SYNTHETIC_CUF_PROTOTYPE
SYN-CUF-0256,2026-06,TRUE,FALSE,100,RECOVERY_AFTER_STAGNATION,SYNTHETIC_CUF_PROTOTYPE
SYN-CUF-0257,2026-06,TRUE,FALSE,100,TENDER_AWARD_PENDING,SYNTHETIC_CUF_PROTOTYPE
SYN-CUF-0258,2026-06,TRUE,FALSE,100,PHYSICAL_STAGNATION,SYNTHETIC_CUF_PROTOTYPE
SYN-CUF-0259,2026-06,TRUE,FALSE,100,IMPROVING_PROJECT,SYNTHETIC_CUF_PROTOTYPE
SYN-CUF-0260,2026-06,TRUE,FALSE,100,PROLONGED_TENDER_CYCLE,SYNTHETIC_CUF_PROTOTYPE
SYN-CUF-0261,2026-06,TRUE,FALSE,100,CLEARANCE_PENDING,SYNTHETIC_CUF_PROTOTYPE
SYN-CUF-0262,2026-06,TRUE,FALSE,100,RECOVERY_AFTER_STAGNATION,SYNTHETIC_CUF_PROTOTYPE
SYN-CUF-0263,2026-06,TRUE,FALSE,100,REPORTING_GAP,SYNTHETIC_CUF_PROTOTYPE
SYN-CUF-0264,2026-06,TRUE,FALSE,100,PHYSICAL_PROGRESS_LAG,SYNTHETIC_CUF_PROTOTYPE
SYN-CUF-0265,2026-06,TRUE,FALSE,100,PROLONGED_TENDER_CYCLE,SYNTHETIC_CUF_PROTOTYPE
SYN-CUF-0266,2026-06,TRUE,FALSE,100,MILESTONE_DELAY,SYNTHETIC_CUF_PROTOTYPE
SYN-CUF-0267,2026-06,TRUE,FALSE,100,LAND_DEADLINE_CONFLICT,SYNTHETIC_CUF_PROTOTYPE
SYN-CUF-0268,2026-06,TRUE,FALSE,100,PHYSICAL_STAGNATION,SYNTHETIC_CUF_PROTOTYPE
SYN-CUF-0269,2026-06,TRUE,FALSE,100,CLEARANCE_PENDING,SYNTHETIC_CUF_PROTOTYPE
SYN-CUF-0270,2026-06,TRUE,FALSE,100,DATA_INSUFFICIENT_PROJECT,SYNTHETIC_CUF_PROTOTYPE
SYN-CUF-0271,2026-06,TRUE,TRUE,70,MULTI_PRESSURE_PROJECT,SYNTHETIC_CUF_PROTOTYPE
SYN-CUF-0272,2026-06,TRUE,FALSE,100,MULTIPLE_MILESTONE_DELAYS,SYNTHETIC_CUF_PROTOTYPE
SYN-CUF-0273,2026-06,TRUE,FALSE,100,LAND_ACQUISITION_PENDING,SYNTHETIC_CUF_PROTOTYPE
SYN-CUF-0274,2026-06,TRUE,FALSE,100,PROLONGED_TENDER_CYCLE,SYNTHETIC_CUF_PROTOTYPE
SYN-CUF-0275,2026-06,TRUE,FALSE,100,POOR_PROVENANCE,SYNTHETIC_CUF_PROTOTYPE
SYN-CUF-0276,2026-06,TRUE,FALSE,100,LAND_DEADLINE_CONFLICT,SYNTHETIC_CUF_PROTOTYPE
SYN-CUF-0277,2026-06,TRUE,FALSE,100,POOR_PROVENANCE,SYNTHETIC_CUF_PROTOTYPE
SYN-CUF-0278,2026-06,TRUE,FALSE,100,DATA_INSUFFICIENT_PROJECT,SYNTHETIC_CUF_PROTOTYPE
SYN-CUF-0279,2026-06,TRUE,FALSE,100,FINANCIAL_PHYSICAL_DIVERGENCE,SYNTHETIC_CUF_PROTOTYPE
SYN-CUF-0280,2026-06,TRUE,TRUE,70,ROW_PENDING,SYNTHETIC_CUF_PROTOTYPE
SYN-CUF-0281,2026-06,TRUE,FALSE,100,LAND_ACQUISITION_PENDING,SYNTHETIC_CUF_PROTOTYPE
SYN-CUF-0282,2026-06,TRUE,FALSE,100,STALE_REPORTING,SYNTHETIC_CUF_PROTOTYPE
SYN-CUF-0283,2026-06,TRUE,FALSE,100,MILESTONE_DELAY,SYNTHETIC_CUF_PROTOTYPE
SYN-CUF-0284,2026-06,TRUE,FALSE,100,MILESTONE_DELAY,SYNTHETIC_CUF_PROTOTYPE
SYN-CUF-0285,2026-06,TRUE,FALSE,100,PROLONGED_TENDER_CYCLE,SYNTHETIC_CUF_PROTOTYPE
SYN-CUF-0286,2026-06,TRUE,FALSE,100,POOR_PROVENANCE,SYNTHETIC_CUF_PROTOTYPE
SYN-CUF-0287,2026-06,TRUE,FALSE,100,PHYSICAL_STAGNATION,SYNTHETIC_CUF_PROTOTYPE
SYN-CUF-0288,2026-06,TRUE,FALSE,100,FINANCIAL_PHYSICAL_DIVERGENCE,SYNTHETIC_CUF_PROTOTYPE
SYN-CUF-0289,2026-06,TRUE,FALSE,100,FINANCIAL_BEHIND_PLAN,SYNTHETIC_CUF_PROTOTYPE
SYN-CUF-0290,2026-06,TRUE,FALSE,100,LAND_DEADLINE_CONFLICT,SYNTHETIC_CUF_PROTOTYPE
SYN-CUF-0291,2026-06,TRUE,FALSE,100,MILESTONE_DELAY,SYNTHETIC_CUF_PROTOTYPE
SYN-CUF-0292,2026-06,TRUE,FALSE,100,LAND_ACQUISITION_PENDING,SYNTHETIC_CUF_PROTOTYPE
SYN-CUF-0293,2026-06,TRUE,FALSE,100,MULTIPLE_MILESTONE_DELAYS,SYNTHETIC_CUF_PROTOTYPE
SYN-CUF-0294,2026-06,TRUE,FALSE,100,REPORTING_GAP,SYNTHETIC_CUF_PROTOTYPE
SYN-CUF-0295,2026-06,TRUE,FALSE,100,MULTIPLE_MILESTONE_DELAYS,SYNTHETIC_CUF_PROTOTYPE
SYN-CUF-0296,2026-06,TRUE,FALSE,100,DATA_INSUFFICIENT_PROJECT,SYNTHETIC_CUF_PROTOTYPE
SYN-CUF-0297,2026-06,TRUE,TRUE,70,ROW_PENDING,SYNTHETIC_CUF_PROTOTYPE
SYN-CUF-0298,2026-06,TRUE,FALSE,100,POOR_PROVENANCE,SYNTHETIC_CUF_PROTOTYPE
SYN-CUF-0299,2026-06,TRUE,FALSE,100,WORSENING_MILESTONE_SLIPPAGE,SYNTHETIC_CUF_PROTOTYPE
SYN-CUF-0300,2026-06,TRUE,FALSE,100,POOR_PROVENANCE,SYNTHETIC_CUF_PROTOTYPE
SYN-CUF-0301,2026-06,TRUE,FALSE,100,WORSENING_MILESTONE_SLIPPAGE,SYNTHETIC_CUF_PROTOTYPE
SYN-CUF-0302,2026-06,TRUE,FALSE,100,MULTIPLE_CLEARANCES_PENDING,SYNTHETIC_CUF_PROTOTYPE
SYN-CUF-0303,2026-06,TRUE,FALSE,100,TENDER_AWARD_PENDING,SYNTHETIC_CUF_PROTOTYPE
SYN-CUF-0304,2026-06,TRUE,FALSE,100,POOR_PROVENANCE,SYNTHETIC_CUF_PROTOTYPE
SYN-CUF-0305,2026-06,TRUE,FALSE,100,STALE_REPORTING,SYNTHETIC_CUF_PROTOTYPE
SYN-CUF-0306,2026-06,TRUE,FALSE,100,WORSENING_MILESTONE_SLIPPAGE,SYNTHETIC_CUF_PROTOTYPE
SYN-CUF-0307,2026-06,TRUE,FALSE,100,LAND_DEADLINE_CONFLICT,SYNTHETIC_CUF_PROTOTYPE
SYN-CUF-0308,2026-06,TRUE,FALSE,100,LAND_DEADLINE_CONFLICT,SYNTHETIC_CUF_PROTOTYPE
SYN-CUF-0309,2026-06,TRUE,FALSE,100,PROLONGED_TENDER_CYCLE,SYNTHETIC_CUF_PROTOTYPE
SYN-CUF-0310,2026-06,TRUE,FALSE,100,FINANCIAL_PHYSICAL_DIVERGENCE,SYNTHETIC_CUF_PROTOTYPE
SYN-CUF-0311,2026-06,TRUE,FALSE,100,IMPROVING_PROJECT,SYNTHETIC_CUF_PROTOTYPE
SYN-CUF-0312,2026-06,TRUE,FALSE,100,MULTIPLE_CLEARANCES_PENDING,SYNTHETIC_CUF_PROTOTYPE
SYN-CUF-0313,2026-06,TRUE,FALSE,100,PHYSICAL_STAGNATION,SYNTHETIC_CUF_PROTOTYPE
SYN-CUF-0314,2026-06,TRUE,FALSE,100,REPORTING_GAP,SYNTHETIC_CUF_PROTOTYPE
SYN-CUF-0315,2026-06,TRUE,FALSE,100,HIGH_REQUIRED_FUTURE_VELOCITY,SYNTHETIC_CUF_PROTOTYPE
SYN-CUF-0316,2026-06,TRUE,FALSE,100,STALE_REPORTING,SYNTHETIC_CUF_PROTOTYPE
SYN-CUF-0317,2026-06,TRUE,FALSE,100,MULTIPLE_MILESTONE_DELAYS,SYNTHETIC_CUF_PROTOTYPE
SYN-CUF-0318,2026-06,TRUE,FALSE,100,FINANCIAL_BEHIND_PLAN,SYNTHETIC_CUF_PROTOTYPE
SYN-CUF-0319,2026-06,TRUE,FALSE,100,LAND_DEADLINE_CONFLICT,SYNTHETIC_CUF_PROTOTYPE
SYN-CUF-0320,2026-06,TRUE,FALSE,100,FINANCIAL_PHYSICAL_DIVERGENCE,SYNTHETIC_CUF_PROTOTYPE
SYN-CUF-0321,2026-06,TRUE,FALSE,100,FINANCIAL_BEHIND_PLAN,SYNTHETIC_CUF_PROTOTYPE
SYN-CUF-0322,2026-06,TRUE,FALSE,100,MULTIPLE_CLEARANCES_PENDING,SYNTHETIC_CUF_PROTOTYPE
SYN-CUF-0323,2026-06,TRUE,FALSE,100,MULTIPLE_MILESTONE_DELAYS,SYNTHETIC_CUF_PROTOTYPE
SYN-CUF-0324,2026-06,TRUE,FALSE,100,CLEARANCE_PENDING,SYNTHETIC_CUF_PROTOTYPE
SYN-CUF-0325,2026-06,TRUE,FALSE,100,MILESTONE_DELAY,SYNTHETIC_CUF_PROTOTYPE
SYN-CUF-0326,2026-06,TRUE,FALSE,100,CLEARANCE_PENDING,SYNTHETIC_CUF_PROTOTYPE
SYN-CUF-0327,2026-06,TRUE,FALSE,100,LAND_DEADLINE_CONFLICT,SYNTHETIC_CUF_PROTOTYPE
SYN-CUF-0328,2026-06,TRUE,FALSE,100,TENDER_AWARD_PENDING,SYNTHETIC_CUF_PROTOTYPE
SYN-CUF-0329,2026-06,TRUE,FALSE,100,MILESTONE_DELAY,SYNTHETIC_CUF_PROTOTYPE
SYN-CUF-0330,2026-06,TRUE,FALSE,100,HEALTHY_ON_TRACK,SYNTHETIC_CUF_PROTOTYPE
SYN-CUF-0331,2026-06,TRUE,FALSE,100,REPORTING_GAP,SYNTHETIC_CUF_PROTOTYPE
SYN-CUF-0332,2026-06,TRUE,FALSE,100,HIGH_REQUIRED_FUTURE_VELOCITY,SYNTHETIC_CUF_PROTOTYPE
SYN-CUF-0333,2026-06,TRUE,FALSE,100,POOR_PROVENANCE,SYNTHETIC_CUF_PROTOTYPE
SYN-CUF-0334,2026-06,TRUE,FALSE,100,TENDER_AWARD_PENDING,SYNTHETIC_CUF_PROTOTYPE
SYN-CUF-0335,2026-06,TRUE,FALSE,100,HIGH_REQUIRED_FUTURE_VELOCITY,SYNTHETIC_CUF_PROTOTYPE
SYN-CUF-0336,2026-06,TRUE,FALSE,100,MILESTONE_DELAY,SYNTHETIC_CUF_PROTOTYPE
SYN-CUF-0337,2026-06,TRUE,FALSE,100,TENDER_AWARD_PENDING,SYNTHETIC_CUF_PROTOTYPE
SYN-CUF-0338,2026-06,TRUE,FALSE,100,CLEARANCE_PENDING,SYNTHETIC_CUF_PROTOTYPE
SYN-CUF-0339,2026-06,TRUE,FALSE,100,MULTIPLE_CLEARANCES_PENDING,SYNTHETIC_CUF_PROTOTYPE
SYN-CUF-0340,2026-06,TRUE,FALSE,100,HIGH_REQUIRED_FUTURE_VELOCITY,SYNTHETIC_CUF_PROTOTYPE
SYN-CUF-0341,2026-06,TRUE,FALSE,100,FINANCIAL_BEHIND_PLAN,SYNTHETIC_CUF_PROTOTYPE
SYN-CUF-0342,2026-06,TRUE,FALSE,100,RECOVERY_AFTER_STAGNATION,SYNTHETIC_CUF_PROTOTYPE
SYN-CUF-0343,2026-06,TRUE,FALSE,100,HEALTHY_ON_TRACK,SYNTHETIC_CUF_PROTOTYPE
SYN-CUF-0344,2026-06,TRUE,FALSE,100,STALE_REPORTING,SYNTHETIC_CUF_PROTOTYPE
SYN-CUF-0345,2026-06,TRUE,FALSE,100,DATA_INSUFFICIENT_PROJECT,SYNTHETIC_CUF_PROTOTYPE
SYN-CUF-0346,2026-06,TRUE,FALSE,100,CLEARANCE_PENDING,SYNTHETIC_CUF_PROTOTYPE
SYN-CUF-0347,2026-06,TRUE,FALSE,100,LAND_ACQUISITION_PENDING,SYNTHETIC_CUF_PROTOTYPE
SYN-CUF-0348,2026-06,TRUE,FALSE,100,HEALTHY_ON_TRACK,SYNTHETIC_CUF_PROTOTYPE
SYN-CUF-0349,2026-06,TRUE,FALSE,100,STALE_REPORTING,SYNTHETIC_CUF_PROTOTYPE
SYN-CUF-0350,2026-06,TRUE,FALSE,100,PHYSICAL_STAGNATION,SYNTHETIC_CUF_PROTOTYPE
SYN-CUF-0351,2026-06,TRUE,TRUE,70,ROW_PENDING,SYNTHETIC_CUF_PROTOTYPE
SYN-CUF-0352,2026-06,TRUE,FALSE,100,PHYSICAL_STAGNATION,SYNTHETIC_CUF_PROTOTYPE
SYN-CUF-0353,2026-06,TRUE,FALSE,100,LAND_ACQUISITION_PENDING,SYNTHETIC_CUF_PROTOTYPE
SYN-CUF-0354,2026-06,TRUE,FALSE,100,DATA_INSUFFICIENT_PROJECT,SYNTHETIC_CUF_PROTOTYPE
SYN-CUF-0355,2026-06,TRUE,FALSE,100,MULTIPLE_MILESTONE_DELAYS,SYNTHETIC_CUF_PROTOTYPE
SYN-CUF-0356,2026-06,TRUE,FALSE,100,PHYSICAL_PROGRESS_LAG,SYNTHETIC_CUF_PROTOTYPE
SYN-CUF-0357,2026-06,TRUE,FALSE,100,PROLONGED_TENDER_CYCLE,SYNTHETIC_CUF_PROTOTYPE
SYN-CUF-0358,2026-06,TRUE,FALSE,100,CLEARANCE_PENDING,SYNTHETIC_CUF_PROTOTYPE
SYN-CUF-0359,2026-06,TRUE,FALSE,100,PHYSICAL_PROGRESS_LAG,SYNTHETIC_CUF_PROTOTYPE
SYN-CUF-0360,2026-06,TRUE,FALSE,100,MILESTONE_DELAY,SYNTHETIC_CUF_PROTOTYPE
SYN-CUF-0361,2026-06,TRUE,FALSE,100,RECOVERY_AFTER_STAGNATION,SYNTHETIC_CUF_PROTOTYPE
SYN-CUF-0362,2026-06,TRUE,FALSE,100,LAND_ACQUISITION_PENDING,SYNTHETIC_CUF_PROTOTYPE
SYN-CUF-0363,2026-06,TRUE,TRUE,70,ROW_PENDING,SYNTHETIC_CUF_PROTOTYPE
SYN-CUF-0364,2026-06,TRUE,FALSE,100,PROLONGED_TENDER_CYCLE,SYNTHETIC_CUF_PROTOTYPE
SYN-CUF-0365,2026-06,TRUE,FALSE,100,FINANCIAL_PHYSICAL_DIVERGENCE,SYNTHETIC_CUF_PROTOTYPE
SYN-CUF-0366,2026-06,TRUE,TRUE,70,MULTI_PRESSURE_PROJECT,SYNTHETIC_CUF_PROTOTYPE
SYN-CUF-0367,2026-06,TRUE,FALSE,100,IMPROVING_PROJECT,SYNTHETIC_CUF_PROTOTYPE
SYN-CUF-0368,2026-06,TRUE,FALSE,100,HEALTHY_ON_TRACK,SYNTHETIC_CUF_PROTOTYPE
SYN-CUF-0369,2026-06,TRUE,FALSE,100,LAND_ACQUISITION_PENDING,SYNTHETIC_CUF_PROTOTYPE
SYN-CUF-0370,2026-06,TRUE,FALSE,100,PHYSICAL_PROGRESS_LAG,SYNTHETIC_CUF_PROTOTYPE
SYN-CUF-0371,2026-06,TRUE,FALSE,100,PHYSICAL_PROGRESS_LAG,SYNTHETIC_CUF_PROTOTYPE
SYN-CUF-0372,2026-06,TRUE,FALSE,100,IMPROVING_PROJECT,SYNTHETIC_CUF_PROTOTYPE
SYN-CUF-0373,2026-06,TRUE,FALSE,100,PHYSICAL_STAGNATION,SYNTHETIC_CUF_PROTOTYPE
SYN-CUF-0374,2026-06,TRUE,FALSE,100,WORSENING_MILESTONE_SLIPPAGE,SYNTHETIC_CUF_PROTOTYPE
SYN-CUF-0375,2026-06,TRUE,FALSE,100,WORSENING_MILESTONE_SLIPPAGE,SYNTHETIC_CUF_PROTOTYPE
SYN-CUF-0376,2026-06,TRUE,FALSE,100,HEALTHY_ON_TRACK,SYNTHETIC_CUF_PROTOTYPE
SYN-CUF-0377,2026-06,TRUE,FALSE,100,REPORTING_GAP,SYNTHETIC_CUF_PROTOTYPE
SYN-CUF-0378,2026-06,TRUE,FALSE,100,PHYSICAL_STAGNATION,SYNTHETIC_CUF_PROTOTYPE
SYN-CUF-0379,2026-06,TRUE,TRUE,70,ROW_PENDING,SYNTHETIC_CUF_PROTOTYPE
SYN-CUF-0380,2026-06,TRUE,FALSE,100,TENDER_AWARD_PENDING,SYNTHETIC_CUF_PROTOTYPE
SYN-CUF-0381,2026-06,TRUE,FALSE,100,FINANCIAL_PHYSICAL_DIVERGENCE,SYNTHETIC_CUF_PROTOTYPE
SYN-CUF-0382,2026-06,TRUE,FALSE,100,POOR_PROVENANCE,SYNTHETIC_CUF_PROTOTYPE
SYN-CUF-0383,2026-06,TRUE,FALSE,100,PROLONGED_TENDER_CYCLE,SYNTHETIC_CUF_PROTOTYPE
SYN-CUF-0384,2026-06,TRUE,FALSE,100,RECOVERY_AFTER_STAGNATION,SYNTHETIC_CUF_PROTOTYPE
SYN-CUF-0385,2026-06,TRUE,FALSE,100,TENDER_AWARD_PENDING,SYNTHETIC_CUF_PROTOTYPE
SYN-CUF-0386,2026-06,TRUE,FALSE,100,HEALTHY_ON_TRACK,SYNTHETIC_CUF_PROTOTYPE
SYN-CUF-0387,2026-06,TRUE,FALSE,100,PHYSICAL_PROGRESS_LAG,SYNTHETIC_CUF_PROTOTYPE
SYN-CUF-0388,2026-06,TRUE,FALSE,100,REPORTING_GAP,SYNTHETIC_CUF_PROTOTYPE
SYN-CUF-0389,2026-06,TRUE,FALSE,100,TENDER_AWARD_PENDING,SYNTHETIC_CUF_PROTOTYPE
SYN-CUF-0390,2026-06,TRUE,FALSE,100,RECOVERY_AFTER_STAGNATION,SYNTHETIC_CUF_PROTOTYPE
SYN-CUF-0391,2026-06,TRUE,FALSE,100,PHYSICAL_STAGNATION,SYNTHETIC_CUF_PROTOTYPE
SYN-CUF-0392,2026-06,TRUE,FALSE,100,HEALTHY_ON_TRACK,SYNTHETIC_CUF_PROTOTYPE
SYN-CUF-0393,2026-06,TRUE,FALSE,100,MILESTONE_DELAY,SYNTHETIC_CUF_PROTOTYPE
SYN-CUF-0394,2026-06,TRUE,FALSE,100,FINANCIAL_PHYSICAL_DIVERGENCE,SYNTHETIC_CUF_PROTOTYPE
SYN-CUF-0395,2026-06,TRUE,FALSE,100,HEALTHY_ON_TRACK,SYNTHETIC_CUF_PROTOTYPE
SYN-CUF-0396,2026-06,TRUE,FALSE,100,MULTIPLE_CLEARANCES_PENDING,SYNTHETIC_CUF_PROTOTYPE
SYN-CUF-0397,2026-06,TRUE,FALSE,100,CLEARANCE_PENDING,SYNTHETIC_CUF_PROTOTYPE
SYN-CUF-0398,2026-06,TRUE,FALSE,100,HEALTHY_ON_TRACK,SYNTHETIC_CUF_PROTOTYPE
SYN-CUF-0399,2026-06,TRUE,FALSE,100,STALE_REPORTING,SYNTHETIC_CUF_PROTOTYPE
SYN-CUF-0400,2026-06,TRUE,FALSE,100,MULTIPLE_MILESTONE_DELAYS,SYNTHETIC_CUF_PROTOTYPE
SYN-CUF-0401,2026-06,TRUE,FALSE,100,PROLONGED_TENDER_CYCLE,SYNTHETIC_CUF_PROTOTYPE
SYN-CUF-0402,2026-06,TRUE,TRUE,70,ROW_PENDING,SYNTHETIC_CUF_PROTOTYPE
SYN-CUF-0403,2026-06,TRUE,FALSE,100,IMPROVING_PROJECT,SYNTHETIC_CUF_PROTOTYPE
SYN-CUF-0404,2026-06,TRUE,TRUE,70,MULTI_PRESSURE_PROJECT,SYNTHETIC_CUF_PROTOTYPE
SYN-CUF-0405,2026-06,TRUE,TRUE,70,MULTI_PRESSURE_PROJECT,SYNTHETIC_CUF_PROTOTYPE
SYN-CUF-0406,2026-06,TRUE,TRUE,70,ROW_PENDING,SYNTHETIC_CUF_PROTOTYPE
SYN-CUF-0407,2026-06,TRUE,FALSE,100,HIGH_REQUIRED_FUTURE_VELOCITY,SYNTHETIC_CUF_PROTOTYPE
SYN-CUF-0408,2026-06,TRUE,FALSE,100,PHYSICAL_PROGRESS_LAG,SYNTHETIC_CUF_PROTOTYPE
SYN-CUF-0409,2026-06,TRUE,FALSE,100,MULTIPLE_CLEARANCES_PENDING,SYNTHETIC_CUF_PROTOTYPE
SYN-CUF-0410,2026-06,TRUE,FALSE,100,LAND_DEADLINE_CONFLICT,SYNTHETIC_CUF_PROTOTYPE
SYN-CUF-0411,2026-06,TRUE,FALSE,100,POOR_PROVENANCE,SYNTHETIC_CUF_PROTOTYPE
SYN-CUF-0412,2026-06,TRUE,FALSE,100,TENDER_AWARD_PENDING,SYNTHETIC_CUF_PROTOTYPE
SYN-CUF-0413,2026-06,TRUE,FALSE,100,FINANCIAL_PHYSICAL_DIVERGENCE,SYNTHETIC_CUF_PROTOTYPE
SYN-CUF-0414,2026-06,TRUE,FALSE,100,MULTIPLE_MILESTONE_DELAYS,SYNTHETIC_CUF_PROTOTYPE
SYN-CUF-0415,2026-06,TRUE,FALSE,100,TENDER_AWARD_PENDING,SYNTHETIC_CUF_PROTOTYPE
SYN-CUF-0416,2026-06,TRUE,FALSE,100,CLEARANCE_PENDING,SYNTHETIC_CUF_PROTOTYPE
SYN-CUF-0417,2026-06,TRUE,TRUE,70,ROW_PENDING,SYNTHETIC_CUF_PROTOTYPE
SYN-CUF-0418,2026-06,TRUE,FALSE,100,TENDER_AWARD_PENDING,SYNTHETIC_CUF_PROTOTYPE
SYN-CUF-0419,2026-06,TRUE,FALSE,100,TENDER_AWARD_PENDING,SYNTHETIC_CUF_PROTOTYPE
SYN-CUF-0420,2026-06,TRUE,FALSE,100,MULTIPLE_MILESTONE_DELAYS,SYNTHETIC_CUF_PROTOTYPE
SYN-CUF-0421,2026-06,TRUE,FALSE,100,PHYSICAL_STAGNATION,SYNTHETIC_CUF_PROTOTYPE
SYN-CUF-0422,2026-06,TRUE,FALSE,100,FINANCIAL_BEHIND_PLAN,SYNTHETIC_CUF_PROTOTYPE
SYN-CUF-0423,2026-06,TRUE,FALSE,100,MULTIPLE_CLEARANCES_PENDING,SYNTHETIC_CUF_PROTOTYPE
SYN-CUF-0424,2026-06,TRUE,FALSE,100,PROLONGED_TENDER_CYCLE,SYNTHETIC_CUF_PROTOTYPE
SYN-CUF-0425,2026-06,TRUE,FALSE,100,HEALTHY_ON_TRACK,SYNTHETIC_CUF_PROTOTYPE
SYN-CUF-0426,2026-06,TRUE,FALSE,100,FINANCIAL_BEHIND_PLAN,SYNTHETIC_CUF_PROTOTYPE
SYN-CUF-0427,2026-06,TRUE,FALSE,100,LAND_DEADLINE_CONFLICT,SYNTHETIC_CUF_PROTOTYPE
SYN-CUF-0428,2026-06,TRUE,FALSE,100,DATA_INSUFFICIENT_PROJECT,SYNTHETIC_CUF_PROTOTYPE
SYN-CUF-0429,2026-06,TRUE,FALSE,100,HEALTHY_ON_TRACK,SYNTHETIC_CUF_PROTOTYPE
SYN-CUF-0430,2026-06,TRUE,FALSE,100,PHYSICAL_STAGNATION,SYNTHETIC_CUF_PROTOTYPE
SYN-CUF-0431,2026-06,TRUE,FALSE,100,MILESTONE_DELAY,SYNTHETIC_CUF_PROTOTYPE
SYN-CUF-0432,2026-06,TRUE,FALSE,100,TENDER_AWARD_PENDING,SYNTHETIC_CUF_PROTOTYPE
SYN-CUF-0433,2026-06,TRUE,FALSE,100,STALE_REPORTING,SYNTHETIC_CUF_PROTOTYPE
SYN-CUF-0434,2026-06,TRUE,TRUE,70,ROW_PENDING,SYNTHETIC_CUF_PROTOTYPE
SYN-CUF-0435,2026-06,TRUE,FALSE,100,CLEARANCE_PENDING,SYNTHETIC_CUF_PROTOTYPE
SYN-CUF-0436,2026-06,TRUE,FALSE,100,TENDER_AWARD_PENDING,SYNTHETIC_CUF_PROTOTYPE
SYN-CUF-0437,2026-06,TRUE,FALSE,100,HIGH_REQUIRED_FUTURE_VELOCITY,SYNTHETIC_CUF_PROTOTYPE
SYN-CUF-0438,2026-06,TRUE,FALSE,100,WORSENING_MILESTONE_SLIPPAGE,SYNTHETIC_CUF_PROTOTYPE
SYN-CUF-0439,2026-06,TRUE,TRUE,70,ROW_PENDING,SYNTHETIC_CUF_PROTOTYPE
SYN-CUF-0440,2026-06,TRUE,FALSE,100,TENDER_AWARD_PENDING,SYNTHETIC_CUF_PROTOTYPE
SYN-CUF-0441,2026-06,TRUE,FALSE,100,DATA_INSUFFICIENT_PROJECT,SYNTHETIC_CUF_PROTOTYPE
SYN-CUF-0442,2026-06,TRUE,FALSE,100,REPORTING_GAP,SYNTHETIC_CUF_PROTOTYPE
SYN-CUF-0443,2026-06,TRUE,TRUE,70,MULTI_PRESSURE_PROJECT,SYNTHETIC_CUF_PROTOTYPE
SYN-CUF-0444,2026-06,TRUE,FALSE,100,FINANCIAL_PHYSICAL_DIVERGENCE,SYNTHETIC_CUF_PROTOTYPE
SYN-CUF-0445,2026-06,TRUE,FALSE,100,REPORTING_GAP,SYNTHETIC_CUF_PROTOTYPE
SYN-CUF-0446,2026-06,TRUE,FALSE,100,DATA_INSUFFICIENT_PROJECT,SYNTHETIC_CUF_PROTOTYPE
SYN-CUF-0447,2026-06,TRUE,FALSE,100,PROLONGED_TENDER_CYCLE,SYNTHETIC_CUF_PROTOTYPE
SYN-CUF-0448,2026-06,TRUE,FALSE,100,LAND_DEADLINE_CONFLICT,SYNTHETIC_CUF_PROTOTYPE
SYN-CUF-0449,2026-06,TRUE,FALSE,100,PHYSICAL_STAGNATION,SYNTHETIC_CUF_PROTOTYPE
SYN-CUF-0450,2026-06,TRUE,FALSE,100,LAND_ACQUISITION_PENDING,SYNTHETIC_CUF_PROTOTYPE
SYN-CUF-0451,2026-06,TRUE,FALSE,100,PROLONGED_TENDER_CYCLE,SYNTHETIC_CUF_PROTOTYPE
SYN-CUF-0452,2026-06,TRUE,FALSE,100,MILESTONE_DELAY,SYNTHETIC_CUF_PROTOTYPE
SYN-CUF-0453,2026-06,TRUE,FALSE,100,REPORTING_GAP,SYNTHETIC_CUF_PROTOTYPE
SYN-CUF-0454,2026-06,TRUE,TRUE,70,ROW_PENDING,SYNTHETIC_CUF_PROTOTYPE
SYN-CUF-0455,2026-06,TRUE,FALSE,100,STALE_REPORTING,SYNTHETIC_CUF_PROTOTYPE
SYN-CUF-0456,2026-06,TRUE,FALSE,100,IMPROVING_PROJECT,SYNTHETIC_CUF_PROTOTYPE
SYN-CUF-0457,2026-06,TRUE,FALSE,100,WORSENING_MILESTONE_SLIPPAGE,SYNTHETIC_CUF_PROTOTYPE
SYN-CUF-0458,2026-06,TRUE,FALSE,100,LAND_ACQUISITION_PENDING,SYNTHETIC_CUF_PROTOTYPE
SYN-CUF-0459,2026-06,TRUE,FALSE,100,CLEARANCE_PENDING,SYNTHETIC_CUF_PROTOTYPE
SYN-CUF-0460,2026-06,TRUE,FALSE,100,HEALTHY_ON_TRACK,SYNTHETIC_CUF_PROTOTYPE
SYN-CUF-0461,2026-06,TRUE,FALSE,100,PROLONGED_TENDER_CYCLE,SYNTHETIC_CUF_PROTOTYPE
SYN-CUF-0462,2026-06,TRUE,FALSE,100,HEALTHY_ON_TRACK,SYNTHETIC_CUF_PROTOTYPE
SYN-CUF-0463,2026-06,TRUE,FALSE,100,PHYSICAL_PROGRESS_LAG,SYNTHETIC_CUF_PROTOTYPE
SYN-CUF-0464,2026-06,TRUE,TRUE,70,MULTI_PRESSURE_PROJECT,SYNTHETIC_CUF_PROTOTYPE
SYN-CUF-0465,2026-06,TRUE,FALSE,100,PHYSICAL_PROGRESS_LAG,SYNTHETIC_CUF_PROTOTYPE
SYN-CUF-0466,2026-06,TRUE,FALSE,100,DATA_INSUFFICIENT_PROJECT,SYNTHETIC_CUF_PROTOTYPE
SYN-CUF-0467,2026-06,TRUE,FALSE,100,HEALTHY_ON_TRACK,SYNTHETIC_CUF_PROTOTYPE
SYN-CUF-0468,2026-06,TRUE,FALSE,100,DATA_INSUFFICIENT_PROJECT,SYNTHETIC_CUF_PROTOTYPE
SYN-CUF-0469,2026-06,TRUE,FALSE,100,MILESTONE_DELAY,SYNTHETIC_CUF_PROTOTYPE
SYN-CUF-0470,2026-06,TRUE,FALSE,100,FINANCIAL_PHYSICAL_DIVERGENCE,SYNTHETIC_CUF_PROTOTYPE
SYN-CUF-0471,2026-06,TRUE,FALSE,100,CLEARANCE_PENDING,SYNTHETIC_CUF_PROTOTYPE
SYN-CUF-0472,2026-06,TRUE,FALSE,100,FINANCIAL_BEHIND_PLAN,SYNTHETIC_CUF_PROTOTYPE
SYN-CUF-0473,2026-06,TRUE,FALSE,100,PROLONGED_TENDER_CYCLE,SYNTHETIC_CUF_PROTOTYPE
SYN-CUF-0474,2026-06,TRUE,FALSE,100,PHYSICAL_STAGNATION,SYNTHETIC_CUF_PROTOTYPE
SYN-CUF-0475,2026-06,TRUE,FALSE,100,STALE_REPORTING,SYNTHETIC_CUF_PROTOTYPE
SYN-CUF-0476,2026-06,TRUE,FALSE,100,PHYSICAL_PROGRESS_LAG,SYNTHETIC_CUF_PROTOTYPE
SYN-CUF-0477,2026-06,TRUE,FALSE,100,HEALTHY_ON_TRACK,SYNTHETIC_CUF_PROTOTYPE
SYN-CUF-0478,2026-06,TRUE,TRUE,70,MULTI_PRESSURE_PROJECT,SYNTHETIC_CUF_PROTOTYPE
SYN-CUF-0479,2026-06,TRUE,FALSE,100,IMPROVING_PROJECT,SYNTHETIC_CUF_PROTOTYPE
SYN-CUF-0480,2026-06,TRUE,FALSE,100,PHYSICAL_STAGNATION,SYNTHETIC_CUF_PROTOTYPE
SYN-CUF-0481,2026-06,TRUE,FALSE,100,LAND_ACQUISITION_PENDING,SYNTHETIC_CUF_PROTOTYPE
SYN-CUF-0482,2026-06,TRUE,FALSE,100,IMPROVING_PROJECT,SYNTHETIC_CUF_PROTOTYPE
SYN-CUF-0483,2026-06,TRUE,FALSE,100,HEALTHY_ON_TRACK,SYNTHETIC_CUF_PROTOTYPE
SYN-CUF-0484,2026-06,TRUE,FALSE,100,PHYSICAL_PROGRESS_LAG,SYNTHETIC_CUF_PROTOTYPE
SYN-CUF-0485,2026-06,TRUE,FALSE,100,REPORTING_GAP,SYNTHETIC_CUF_PROTOTYPE
SYN-CUF-0486,2026-06,TRUE,FALSE,100,TENDER_AWARD_PENDING,SYNTHETIC_CUF_PROTOTYPE
SYN-CUF-0487,2026-06,TRUE,FALSE,100,FINANCIAL_BEHIND_PLAN,SYNTHETIC_CUF_PROTOTYPE
SYN-CUF-0488,2026-06,TRUE,FALSE,100,RECOVERY_AFTER_STAGNATION,SYNTHETIC_CUF_PROTOTYPE
SYN-CUF-0489,2026-06,TRUE,TRUE,70,ROW_PENDING,SYNTHETIC_CUF_PROTOTYPE
SYN-CUF-0490,2026-06,TRUE,FALSE,100,PHYSICAL_PROGRESS_LAG,SYNTHETIC_CUF_PROTOTYPE
SYN-CUF-0491,2026-06,TRUE,FALSE,100,REPORTING_GAP,SYNTHETIC_CUF_PROTOTYPE
SYN-CUF-0492,2026-06,TRUE,FALSE,100,FINANCIAL_PHYSICAL_DIVERGENCE,SYNTHETIC_CUF_PROTOTYPE
SYN-CUF-0493,2026-06,TRUE,FALSE,100,POOR_PROVENANCE,SYNTHETIC_CUF_PROTOTYPE
SYN-CUF-0494,2026-06,TRUE,FALSE,100,DATA_INSUFFICIENT_PROJECT,SYNTHETIC_CUF_PROTOTYPE
SYN-CUF-0495,2026-06,TRUE,FALSE,100,FINANCIAL_PHYSICAL_DIVERGENCE,SYNTHETIC_CUF_PROTOTYPE
SYN-CUF-0496,2026-06,TRUE,FALSE,100,FINANCIAL_BEHIND_PLAN,SYNTHETIC_CUF_PROTOTYPE
SYN-CUF-0497,2026-06,TRUE,FALSE,100,PHYSICAL_STAGNATION,SYNTHETIC_CUF_PROTOTYPE
SYN-CUF-0498,2026-06,TRUE,FALSE,100,RECOVERY_AFTER_STAGNATION,SYNTHETIC_CUF_PROTOTYPE
SYN-CUF-0499,2026-06,TRUE,FALSE,100,PHYSICAL_PROGRESS_LAG,SYNTHETIC_CUF_PROTOTYPE
SYN-CUF-0500,2026-06,TRUE,FALSE,100,PROLONGED_TENDER_CYCLE,SYNTHETIC_CUF_PROTOTYPE
SYN-CUF-0501,2026-06,TRUE,FALSE,100,HIGH_REQUIRED_FUTURE_VELOCITY,SYNTHETIC_CUF_PROTOTYPE
SYN-CUF-0502,2026-06,TRUE,FALSE,100,STALE_REPORTING,SYNTHETIC_CUF_PROTOTYPE
SYN-CUF-0503,2026-06,TRUE,FALSE,100,MILESTONE_DELAY,SYNTHETIC_CUF_PROTOTYPE
SYN-CUF-0504,2026-06,TRUE,FALSE,100,STALE_REPORTING,SYNTHETIC_CUF_PROTOTYPE
SYN-CUF-0505,2026-06,TRUE,FALSE,100,MILESTONE_DELAY,SYNTHETIC_CUF_PROTOTYPE
SYN-CUF-0506,2026-06,TRUE,TRUE,70,MULTI_PRESSURE_PROJECT,SYNTHETIC_CUF_PROTOTYPE
SYN-CUF-0507,2026-06,TRUE,FALSE,100,REPORTING_GAP,SYNTHETIC_CUF_PROTOTYPE
SYN-CUF-0508,2026-06,TRUE,FALSE,100,CLEARANCE_PENDING,SYNTHETIC_CUF_PROTOTYPE
SYN-CUF-0509,2026-06,TRUE,FALSE,100,FINANCIAL_BEHIND_PLAN,SYNTHETIC_CUF_PROTOTYPE
SYN-CUF-0510,2026-06,TRUE,FALSE,100,TENDER_AWARD_PENDING,SYNTHETIC_CUF_PROTOTYPE
SYN-CUF-0511,2026-06,TRUE,FALSE,100,WORSENING_MILESTONE_SLIPPAGE,SYNTHETIC_CUF_PROTOTYPE
SYN-CUF-0512,2026-06,TRUE,FALSE,100,RECOVERY_AFTER_STAGNATION,SYNTHETIC_CUF_PROTOTYPE
SYN-CUF-0513,2026-06,TRUE,FALSE,100,REPORTING_GAP,SYNTHETIC_CUF_PROTOTYPE
SYN-CUF-0514,2026-06,TRUE,FALSE,100,PHYSICAL_PROGRESS_LAG,SYNTHETIC_CUF_PROTOTYPE
SYN-CUF-0515,2026-06,TRUE,FALSE,100,REPORTING_GAP,SYNTHETIC_CUF_PROTOTYPE
SYN-CUF-0516,2026-06,TRUE,FALSE,100,REPORTING_GAP,SYNTHETIC_CUF_PROTOTYPE
SYN-CUF-0517,2026-06,TRUE,FALSE,100,RECOVERY_AFTER_STAGNATION,SYNTHETIC_CUF_PROTOTYPE
SYN-CUF-0518,2026-06,TRUE,TRUE,70,MULTI_PRESSURE_PROJECT,SYNTHETIC_CUF_PROTOTYPE
SYN-CUF-0519,2026-06,TRUE,FALSE,100,DATA_INSUFFICIENT_PROJECT,SYNTHETIC_CUF_PROTOTYPE
SYN-CUF-0520,2026-06,TRUE,FALSE,100,FINANCIAL_PHYSICAL_DIVERGENCE,SYNTHETIC_CUF_PROTOTYPE
SYN-CUF-0521,2026-06,TRUE,FALSE,100,HIGH_REQUIRED_FUTURE_VELOCITY,SYNTHETIC_CUF_PROTOTYPE
SYN-CUF-0522,2026-06,TRUE,FALSE,100,MULTIPLE_MILESTONE_DELAYS,SYNTHETIC_CUF_PROTOTYPE
SYN-CUF-0523,2026-06,TRUE,FALSE,100,DATA_INSUFFICIENT_PROJECT,SYNTHETIC_CUF_PROTOTYPE
SYN-CUF-0524,2026-06,TRUE,FALSE,100,DATA_INSUFFICIENT_PROJECT,SYNTHETIC_CUF_PROTOTYPE
SYN-CUF-0525,2026-06,TRUE,FALSE,100,DATA_INSUFFICIENT_PROJECT,SYNTHETIC_CUF_PROTOTYPE
SYN-CUF-0526,2026-06,TRUE,FALSE,100,POOR_PROVENANCE,SYNTHETIC_CUF_PROTOTYPE
SYN-CUF-0527,2026-06,TRUE,FALSE,100,PHYSICAL_STAGNATION,SYNTHETIC_CUF_PROTOTYPE
SYN-CUF-0528,2026-06,TRUE,FALSE,100,LAND_ACQUISITION_PENDING,SYNTHETIC_CUF_PROTOTYPE
SYN-CUF-0529,2026-06,TRUE,FALSE,100,CLEARANCE_PENDING,SYNTHETIC_CUF_PROTOTYPE
SYN-CUF-0530,2026-06,TRUE,FALSE,100,RECOVERY_AFTER_STAGNATION,SYNTHETIC_CUF_PROTOTYPE
SYN-CUF-0531,2026-06,TRUE,FALSE,100,WORSENING_MILESTONE_SLIPPAGE,SYNTHETIC_CUF_PROTOTYPE
SYN-CUF-0532,2026-06,TRUE,FALSE,100,DATA_INSUFFICIENT_PROJECT,SYNTHETIC_CUF_PROTOTYPE
SYN-CUF-0533,2026-06,TRUE,FALSE,100,RECOVERY_AFTER_STAGNATION,SYNTHETIC_CUF_PROTOTYPE
SYN-CUF-0534,2026-06,TRUE,FALSE,100,PHYSICAL_PROGRESS_LAG,SYNTHETIC_CUF_PROTOTYPE
SYN-CUF-0535,2026-06,TRUE,FALSE,100,PHYSICAL_STAGNATION,SYNTHETIC_CUF_PROTOTYPE
SYN-CUF-0536,2026-06,TRUE,FALSE,100,IMPROVING_PROJECT,SYNTHETIC_CUF_PROTOTYPE
SYN-CUF-0537,2026-06,TRUE,FALSE,100,PHYSICAL_STAGNATION,SYNTHETIC_CUF_PROTOTYPE
SYN-CUF-0538,2026-06,TRUE,FALSE,100,FINANCIAL_PHYSICAL_DIVERGENCE,SYNTHETIC_CUF_PROTOTYPE
SYN-CUF-0539,2026-06,TRUE,FALSE,100,MULTIPLE_MILESTONE_DELAYS,SYNTHETIC_CUF_PROTOTYPE
SYN-CUF-0540,2026-06,TRUE,FALSE,100,MILESTONE_DELAY,SYNTHETIC_CUF_PROTOTYPE
SYN-CUF-0541,2026-06,TRUE,FALSE,100,MULTIPLE_MILESTONE_DELAYS,SYNTHETIC_CUF_PROTOTYPE
SYN-CUF-0542,2026-06,TRUE,FALSE,100,MULTIPLE_MILESTONE_DELAYS,SYNTHETIC_CUF_PROTOTYPE
SYN-CUF-0543,2026-06,TRUE,FALSE,100,PROLONGED_TENDER_CYCLE,SYNTHETIC_CUF_PROTOTYPE
SYN-CUF-0544,2026-06,TRUE,FALSE,100,LAND_ACQUISITION_PENDING,SYNTHETIC_CUF_PROTOTYPE
SYN-CUF-0545,2026-06,TRUE,FALSE,100,HIGH_REQUIRED_FUTURE_VELOCITY,SYNTHETIC_CUF_PROTOTYPE
SYN-CUF-0546,2026-06,TRUE,FALSE,100,WORSENING_MILESTONE_SLIPPAGE,SYNTHETIC_CUF_PROTOTYPE
SYN-CUF-0547,2026-06,TRUE,TRUE,70,ROW_PENDING,SYNTHETIC_CUF_PROTOTYPE
SYN-CUF-0548,2026-06,TRUE,FALSE,100,CLEARANCE_PENDING,SYNTHETIC_CUF_PROTOTYPE
SYN-CUF-0549,2026-06,TRUE,FALSE,100,PHYSICAL_PROGRESS_LAG,SYNTHETIC_CUF_PROTOTYPE
SYN-CUF-0550,2026-06,TRUE,FALSE,100,RECOVERY_AFTER_STAGNATION,SYNTHETIC_CUF_PROTOTYPE
SYN-CUF-0551,2026-06,TRUE,FALSE,100,MILESTONE_DELAY,SYNTHETIC_CUF_PROTOTYPE
SYN-CUF-0552,2026-06,TRUE,FALSE,100,LAND_ACQUISITION_PENDING,SYNTHETIC_CUF_PROTOTYPE
SYN-CUF-0553,2026-06,TRUE,FALSE,100,PHYSICAL_STAGNATION,SYNTHETIC_CUF_PROTOTYPE
SYN-CUF-0554,2026-06,TRUE,FALSE,100,PHYSICAL_STAGNATION,SYNTHETIC_CUF_PROTOTYPE
SYN-CUF-0555,2026-06,TRUE,FALSE,100,LAND_DEADLINE_CONFLICT,SYNTHETIC_CUF_PROTOTYPE
SYN-CUF-0556,2026-06,TRUE,FALSE,100,RECOVERY_AFTER_STAGNATION,SYNTHETIC_CUF_PROTOTYPE
SYN-CUF-0557,2026-06,TRUE,FALSE,100,WORSENING_MILESTONE_SLIPPAGE,SYNTHETIC_CUF_PROTOTYPE
SYN-CUF-0558,2026-06,TRUE,FALSE,100,MILESTONE_DELAY,SYNTHETIC_CUF_PROTOTYPE
SYN-CUF-0559,2026-06,TRUE,FALSE,100,PHYSICAL_STAGNATION,SYNTHETIC_CUF_PROTOTYPE
SYN-CUF-0560,2026-06,TRUE,FALSE,100,CLEARANCE_PENDING,SYNTHETIC_CUF_PROTOTYPE
SYN-CUF-0561,2026-06,TRUE,FALSE,100,PHYSICAL_PROGRESS_LAG,SYNTHETIC_CUF_PROTOTYPE
SYN-CUF-0562,2026-06,TRUE,FALSE,100,STALE_REPORTING,SYNTHETIC_CUF_PROTOTYPE
SYN-CUF-0563,2026-06,TRUE,FALSE,100,PHYSICAL_PROGRESS_LAG,SYNTHETIC_CUF_PROTOTYPE
SYN-CUF-0564,2026-06,TRUE,FALSE,100,FINANCIAL_PHYSICAL_DIVERGENCE,SYNTHETIC_CUF_PROTOTYPE
SYN-CUF-0565,2026-06,TRUE,FALSE,100,HIGH_REQUIRED_FUTURE_VELOCITY,SYNTHETIC_CUF_PROTOTYPE
SYN-CUF-0566,2026-06,TRUE,FALSE,100,MULTIPLE_MILESTONE_DELAYS,SYNTHETIC_CUF_PROTOTYPE
SYN-CUF-0567,2026-06,TRUE,FALSE,100,MULTIPLE_CLEARANCES_PENDING,SYNTHETIC_CUF_PROTOTYPE
SYN-CUF-0568,2026-06,TRUE,TRUE,70,ROW_PENDING,SYNTHETIC_CUF_PROTOTYPE
SYN-CUF-0569,2026-06,TRUE,FALSE,100,DATA_INSUFFICIENT_PROJECT,SYNTHETIC_CUF_PROTOTYPE
SYN-CUF-0570,2026-06,TRUE,FALSE,100,HIGH_REQUIRED_FUTURE_VELOCITY,SYNTHETIC_CUF_PROTOTYPE
SYN-CUF-0571,2026-06,TRUE,FALSE,100,HIGH_REQUIRED_FUTURE_VELOCITY,SYNTHETIC_CUF_PROTOTYPE
SYN-CUF-0572,2026-06,TRUE,FALSE,100,LAND_DEADLINE_CONFLICT,SYNTHETIC_CUF_PROTOTYPE
SYN-CUF-0573,2026-06,TRUE,FALSE,100,MULTIPLE_CLEARANCES_PENDING,SYNTHETIC_CUF_PROTOTYPE
SYN-CUF-0574,2026-06,TRUE,FALSE,100,POOR_PROVENANCE,SYNTHETIC_CUF_PROTOTYPE
SYN-CUF-0575,2026-06,TRUE,FALSE,100,REPORTING_GAP,SYNTHETIC_CUF_PROTOTYPE
SYN-CUF-0576,2026-06,TRUE,FALSE,100,DATA_INSUFFICIENT_PROJECT,SYNTHETIC_CUF_PROTOTYPE
SYN-CUF-0577,2026-06,TRUE,FALSE,100,PROLONGED_TENDER_CYCLE,SYNTHETIC_CUF_PROTOTYPE
SYN-CUF-0578,2026-06,TRUE,FALSE,100,STALE_REPORTING,SYNTHETIC_CUF_PROTOTYPE
SYN-CUF-0579,2026-06,TRUE,FALSE,100,PHYSICAL_PROGRESS_LAG,SYNTHETIC_CUF_PROTOTYPE
SYN-CUF-0580,2026-06,TRUE,FALSE,100,CLEARANCE_PENDING,SYNTHETIC_CUF_PROTOTYPE
SYN-CUF-0581,2026-06,TRUE,FALSE,100,MULTIPLE_MILESTONE_DELAYS,SYNTHETIC_CUF_PROTOTYPE
SYN-CUF-0582,2026-06,TRUE,FALSE,100,PHYSICAL_STAGNATION,SYNTHETIC_CUF_PROTOTYPE
SYN-CUF-0583,2026-06,TRUE,FALSE,100,HEALTHY_ON_TRACK,SYNTHETIC_CUF_PROTOTYPE
SYN-CUF-0584,2026-06,TRUE,FALSE,100,MULTIPLE_MILESTONE_DELAYS,SYNTHETIC_CUF_PROTOTYPE
SYN-CUF-0585,2026-06,TRUE,FALSE,100,PHYSICAL_STAGNATION,SYNTHETIC_CUF_PROTOTYPE
SYN-CUF-0586,2026-06,TRUE,FALSE,100,CLEARANCE_PENDING,SYNTHETIC_CUF_PROTOTYPE
SYN-CUF-0587,2026-06,TRUE,FALSE,100,LAND_DEADLINE_CONFLICT,SYNTHETIC_CUF_PROTOTYPE
SYN-CUF-0588,2026-06,TRUE,FALSE,100,HEALTHY_ON_TRACK,SYNTHETIC_CUF_PROTOTYPE
SYN-CUF-0589,2026-06,TRUE,FALSE,100,PHYSICAL_STAGNATION,SYNTHETIC_CUF_PROTOTYPE
SYN-CUF-0590,2026-06,TRUE,FALSE,100,TENDER_AWARD_PENDING,SYNTHETIC_CUF_PROTOTYPE
SYN-CUF-0591,2026-06,TRUE,FALSE,100,FINANCIAL_BEHIND_PLAN,SYNTHETIC_CUF_PROTOTYPE
SYN-CUF-0592,2026-06,TRUE,FALSE,100,FINANCIAL_PHYSICAL_DIVERGENCE,SYNTHETIC_CUF_PROTOTYPE
SYN-CUF-0593,2026-06,TRUE,FALSE,100,HIGH_REQUIRED_FUTURE_VELOCITY,SYNTHETIC_CUF_PROTOTYPE
SYN-CUF-0594,2026-06,TRUE,FALSE,100,PHYSICAL_STAGNATION,SYNTHETIC_CUF_PROTOTYPE
SYN-CUF-0595,2026-06,TRUE,TRUE,70,ROW_PENDING,SYNTHETIC_CUF_PROTOTYPE
SYN-CUF-0596,2026-06,TRUE,TRUE,70,MULTI_PRESSURE_PROJECT,SYNTHETIC_CUF_PROTOTYPE
SYN-CUF-0597,2026-06,TRUE,FALSE,100,DATA_INSUFFICIENT_PROJECT,SYNTHETIC_CUF_PROTOTYPE
SYN-CUF-0598,2026-06,TRUE,FALSE,100,TENDER_AWARD_PENDING,SYNTHETIC_CUF_PROTOTYPE
SYN-CUF-0599,2026-06,TRUE,FALSE,100,FINANCIAL_PHYSICAL_DIVERGENCE,SYNTHETIC_CUF_PROTOTYPE
SYN-CUF-0600,2026-06,TRUE,FALSE,100,MULTIPLE_CLEARANCES_PENDING,SYNTHETIC_CUF_PROTOTYPE
SYN-CUF-0601,2026-06,TRUE,FALSE,100,HEALTHY_ON_TRACK,SYNTHETIC_CUF_PROTOTYPE
SYN-CUF-0602,2026-06,TRUE,FALSE,100,STALE_REPORTING,SYNTHETIC_CUF_PROTOTYPE
SYN-CUF-0603,2026-06,TRUE,FALSE,100,PROLONGED_TENDER_CYCLE,SYNTHETIC_CUF_PROTOTYPE
SYN-CUF-0604,2026-06,TRUE,FALSE,100,CLEARANCE_PENDING,SYNTHETIC_CUF_PROTOTYPE
SYN-CUF-0605,2026-06,TRUE,FALSE,100,HEALTHY_ON_TRACK,SYNTHETIC_CUF_PROTOTYPE
SYN-CUF-0606,2026-06,TRUE,FALSE,100,LAND_ACQUISITION_PENDING,SYNTHETIC_CUF_PROTOTYPE
SYN-CUF-0607,2026-06,TRUE,FALSE,100,DATA_INSUFFICIENT_PROJECT,SYNTHETIC_CUF_PROTOTYPE
SYN-CUF-0608,2026-06,TRUE,FALSE,100,MULTIPLE_CLEARANCES_PENDING,SYNTHETIC_CUF_PROTOTYPE
SYN-CUF-0609,2026-06,TRUE,FALSE,100,MULTIPLE_CLEARANCES_PENDING,SYNTHETIC_CUF_PROTOTYPE
SYN-CUF-0610,2026-06,TRUE,FALSE,100,FINANCIAL_PHYSICAL_DIVERGENCE,SYNTHETIC_CUF_PROTOTYPE
SYN-CUF-0611,2026-06,TRUE,FALSE,100,DATA_INSUFFICIENT_PROJECT,SYNTHETIC_CUF_PROTOTYPE
SYN-CUF-0612,2026-06,TRUE,TRUE,70,ROW_PENDING,SYNTHETIC_CUF_PROTOTYPE
SYN-CUF-0613,2026-06,TRUE,FALSE,100,PHYSICAL_STAGNATION,SYNTHETIC_CUF_PROTOTYPE
SYN-CUF-0614,2026-06,TRUE,FALSE,100,LAND_ACQUISITION_PENDING,SYNTHETIC_CUF_PROTOTYPE
SYN-CUF-0615,2026-06,TRUE,TRUE,70,ROW_PENDING,SYNTHETIC_CUF_PROTOTYPE
SYN-CUF-0616,2026-06,TRUE,FALSE,100,HEALTHY_ON_TRACK,SYNTHETIC_CUF_PROTOTYPE
SYN-CUF-0617,2026-06,TRUE,FALSE,100,MULTIPLE_MILESTONE_DELAYS,SYNTHETIC_CUF_PROTOTYPE
SYN-CUF-0618,2026-06,TRUE,FALSE,100,REPORTING_GAP,SYNTHETIC_CUF_PROTOTYPE
SYN-CUF-0619,2026-06,TRUE,FALSE,100,IMPROVING_PROJECT,SYNTHETIC_CUF_PROTOTYPE
SYN-CUF-0620,2026-06,TRUE,FALSE,100,PROLONGED_TENDER_CYCLE,SYNTHETIC_CUF_PROTOTYPE
SYN-CUF-0621,2026-06,TRUE,FALSE,100,MULTIPLE_MILESTONE_DELAYS,SYNTHETIC_CUF_PROTOTYPE
SYN-CUF-0622,2026-06,TRUE,TRUE,70,ROW_PENDING,SYNTHETIC_CUF_PROTOTYPE
SYN-CUF-0623,2026-06,TRUE,FALSE,100,FINANCIAL_BEHIND_PLAN,SYNTHETIC_CUF_PROTOTYPE
SYN-CUF-0624,2026-06,TRUE,FALSE,100,PHYSICAL_STAGNATION,SYNTHETIC_CUF_PROTOTYPE
SYN-CUF-0625,2026-06,TRUE,FALSE,100,MULTIPLE_MILESTONE_DELAYS,SYNTHETIC_CUF_PROTOTYPE
SYN-CUF-0626,2026-06,TRUE,TRUE,70,ROW_PENDING,SYNTHETIC_CUF_PROTOTYPE
SYN-CUF-0627,2026-06,TRUE,FALSE,100,CLEARANCE_PENDING,SYNTHETIC_CUF_PROTOTYPE
SYN-CUF-0628,2026-06,TRUE,FALSE,100,RECOVERY_AFTER_STAGNATION,SYNTHETIC_CUF_PROTOTYPE
SYN-CUF-0629,2026-06,TRUE,FALSE,100,RECOVERY_AFTER_STAGNATION,SYNTHETIC_CUF_PROTOTYPE
SYN-CUF-0630,2026-06,TRUE,FALSE,100,MILESTONE_DELAY,SYNTHETIC_CUF_PROTOTYPE
SYN-CUF-0631,2026-06,TRUE,FALSE,100,STALE_REPORTING,SYNTHETIC_CUF_PROTOTYPE
SYN-CUF-0632,2026-06,TRUE,FALSE,100,RECOVERY_AFTER_STAGNATION,SYNTHETIC_CUF_PROTOTYPE
SYN-CUF-0633,2026-06,TRUE,TRUE,70,ROW_PENDING,SYNTHETIC_CUF_PROTOTYPE
SYN-CUF-0634,2026-06,TRUE,FALSE,100,DATA_INSUFFICIENT_PROJECT,SYNTHETIC_CUF_PROTOTYPE
SYN-CUF-0635,2026-06,TRUE,FALSE,100,MULTIPLE_CLEARANCES_PENDING,SYNTHETIC_CUF_PROTOTYPE
SYN-CUF-0636,2026-06,TRUE,FALSE,100,REPORTING_GAP,SYNTHETIC_CUF_PROTOTYPE
SYN-CUF-0637,2026-06,TRUE,FALSE,100,PROLONGED_TENDER_CYCLE,SYNTHETIC_CUF_PROTOTYPE
SYN-CUF-0638,2026-06,TRUE,FALSE,100,STALE_REPORTING,SYNTHETIC_CUF_PROTOTYPE
SYN-CUF-0639,2026-06,TRUE,FALSE,100,DATA_INSUFFICIENT_PROJECT,SYNTHETIC_CUF_PROTOTYPE
SYN-CUF-0640,2026-06,TRUE,FALSE,100,IMPROVING_PROJECT,SYNTHETIC_CUF_PROTOTYPE
SYN-CUF-0641,2026-06,TRUE,FALSE,100,LAND_DEADLINE_CONFLICT,SYNTHETIC_CUF_PROTOTYPE
SYN-CUF-0642,2026-06,TRUE,FALSE,100,TENDER_AWARD_PENDING,SYNTHETIC_CUF_PROTOTYPE
SYN-CUF-0643,2026-06,TRUE,FALSE,100,IMPROVING_PROJECT,SYNTHETIC_CUF_PROTOTYPE
SYN-CUF-0644,2026-06,TRUE,FALSE,100,POOR_PROVENANCE,SYNTHETIC_CUF_PROTOTYPE
SYN-CUF-0645,2026-06,TRUE,FALSE,100,TENDER_AWARD_PENDING,SYNTHETIC_CUF_PROTOTYPE
SYN-CUF-0646,2026-06,TRUE,FALSE,100,LAND_ACQUISITION_PENDING,SYNTHETIC_CUF_PROTOTYPE
SYN-CUF-0647,2026-06,TRUE,FALSE,100,FINANCIAL_PHYSICAL_DIVERGENCE,SYNTHETIC_CUF_PROTOTYPE
SYN-CUF-0648,2026-06,TRUE,FALSE,100,PHYSICAL_STAGNATION,SYNTHETIC_CUF_PROTOTYPE
SYN-CUF-0649,2026-06,TRUE,FALSE,100,MILESTONE_DELAY,SYNTHETIC_CUF_PROTOTYPE
SYN-CUF-0650,2026-06,TRUE,FALSE,100,PHYSICAL_PROGRESS_LAG,SYNTHETIC_CUF_PROTOTYPE
SYN-CUF-0651,2026-06,TRUE,FALSE,100,TENDER_AWARD_PENDING,SYNTHETIC_CUF_PROTOTYPE
SYN-CUF-0652,2026-06,TRUE,FALSE,100,HEALTHY_ON_TRACK,SYNTHETIC_CUF_PROTOTYPE
SYN-CUF-0653,2026-06,TRUE,FALSE,100,TENDER_AWARD_PENDING,SYNTHETIC_CUF_PROTOTYPE
SYN-CUF-0654,2026-06,TRUE,FALSE,100,MILESTONE_DELAY,SYNTHETIC_CUF_PROTOTYPE
SYN-CUF-0655,2026-06,TRUE,FALSE,100,PHYSICAL_PROGRESS_LAG,SYNTHETIC_CUF_PROTOTYPE
SYN-CUF-0656,2026-06,TRUE,FALSE,100,PHYSICAL_STAGNATION,SYNTHETIC_CUF_PROTOTYPE
SYN-CUF-0657,2026-06,TRUE,FALSE,100,FINANCIAL_PHYSICAL_DIVERGENCE,SYNTHETIC_CUF_PROTOTYPE
SYN-CUF-0658,2026-06,TRUE,FALSE,100,RECOVERY_AFTER_STAGNATION,SYNTHETIC_CUF_PROTOTYPE
SYN-CUF-0659,2026-06,TRUE,FALSE,100,CLEARANCE_PENDING,SYNTHETIC_CUF_PROTOTYPE
SYN-CUF-0660,2026-06,TRUE,FALSE,100,TENDER_AWARD_PENDING,SYNTHETIC_CUF_PROTOTYPE
SYN-CUF-0661,2026-06,TRUE,FALSE,100,TENDER_AWARD_PENDING,SYNTHETIC_CUF_PROTOTYPE
SYN-CUF-0662,2026-06,TRUE,FALSE,100,STALE_REPORTING,SYNTHETIC_CUF_PROTOTYPE
SYN-CUF-0663,2026-06,TRUE,TRUE,70,ROW_PENDING,SYNTHETIC_CUF_PROTOTYPE
SYN-CUF-0664,2026-06,TRUE,FALSE,100,TENDER_AWARD_PENDING,SYNTHETIC_CUF_PROTOTYPE
SYN-CUF-0665,2026-06,TRUE,FALSE,100,PHYSICAL_PROGRESS_LAG,SYNTHETIC_CUF_PROTOTYPE
SYN-CUF-0666,2026-06,TRUE,TRUE,70,ROW_PENDING,SYNTHETIC_CUF_PROTOTYPE
SYN-CUF-0667,2026-06,TRUE,FALSE,100,IMPROVING_PROJECT,SYNTHETIC_CUF_PROTOTYPE
SYN-CUF-0668,2026-06,TRUE,FALSE,100,REPORTING_GAP,SYNTHETIC_CUF_PROTOTYPE
SYN-CUF-0669,2026-06,TRUE,FALSE,100,CLEARANCE_PENDING,SYNTHETIC_CUF_PROTOTYPE
SYN-CUF-0670,2026-06,TRUE,FALSE,100,STALE_REPORTING,SYNTHETIC_CUF_PROTOTYPE
SYN-CUF-0671,2026-06,TRUE,FALSE,100,CLEARANCE_PENDING,SYNTHETIC_CUF_PROTOTYPE
SYN-CUF-0672,2026-06,TRUE,TRUE,70,ROW_PENDING,SYNTHETIC_CUF_PROTOTYPE
SYN-CUF-0673,2026-06,TRUE,FALSE,100,PROLONGED_TENDER_CYCLE,SYNTHETIC_CUF_PROTOTYPE
SYN-CUF-0674,2026-06,TRUE,FALSE,100,LAND_ACQUISITION_PENDING,SYNTHETIC_CUF_PROTOTYPE
SYN-CUF-0675,2026-06,TRUE,FALSE,100,POOR_PROVENANCE,SYNTHETIC_CUF_PROTOTYPE
SYN-CUF-0676,2026-06,TRUE,TRUE,70,MULTI_PRESSURE_PROJECT,SYNTHETIC_CUF_PROTOTYPE
SYN-CUF-0677,2026-06,TRUE,FALSE,100,FINANCIAL_BEHIND_PLAN,SYNTHETIC_CUF_PROTOTYPE
SYN-CUF-0678,2026-06,TRUE,FALSE,100,POOR_PROVENANCE,SYNTHETIC_CUF_PROTOTYPE
SYN-CUF-0679,2026-06,TRUE,FALSE,100,CLEARANCE_PENDING,SYNTHETIC_CUF_PROTOTYPE
SYN-CUF-0680,2026-06,TRUE,FALSE,100,STALE_REPORTING,SYNTHETIC_CUF_PROTOTYPE
SYN-CUF-0681,2026-06,TRUE,FALSE,100,MILESTONE_DELAY,SYNTHETIC_CUF_PROTOTYPE
SYN-CUF-0682,2026-06,TRUE,FALSE,100,POOR_PROVENANCE,SYNTHETIC_CUF_PROTOTYPE
SYN-CUF-0683,2026-06,TRUE,FALSE,100,HEALTHY_ON_TRACK,SYNTHETIC_CUF_PROTOTYPE
SYN-CUF-0684,2026-06,TRUE,FALSE,100,HEALTHY_ON_TRACK,SYNTHETIC_CUF_PROTOTYPE
SYN-CUF-0685,2026-06,TRUE,FALSE,100,CLEARANCE_PENDING,SYNTHETIC_CUF_PROTOTYPE
SYN-CUF-0686,2026-06,TRUE,TRUE,70,MULTI_PRESSURE_PROJECT,SYNTHETIC_CUF_PROTOTYPE
SYN-CUF-0687,2026-06,TRUE,FALSE,100,LAND_DEADLINE_CONFLICT,SYNTHETIC_CUF_PROTOTYPE
SYN-CUF-0688,2026-06,TRUE,TRUE,70,MULTI_PRESSURE_PROJECT,SYNTHETIC_CUF_PROTOTYPE
SYN-CUF-0689,2026-06,TRUE,FALSE,100,RECOVERY_AFTER_STAGNATION,SYNTHETIC_CUF_PROTOTYPE
SYN-CUF-0690,2026-06,TRUE,FALSE,100,MULTIPLE_MILESTONE_DELAYS,SYNTHETIC_CUF_PROTOTYPE
SYN-CUF-0691,2026-06,TRUE,FALSE,100,CLEARANCE_PENDING,SYNTHETIC_CUF_PROTOTYPE
SYN-CUF-0692,2026-06,TRUE,TRUE,70,MULTI_PRESSURE_PROJECT,SYNTHETIC_CUF_PROTOTYPE
SYN-CUF-0693,2026-06,TRUE,FALSE,100,TENDER_AWARD_PENDING,SYNTHETIC_CUF_PROTOTYPE
SYN-CUF-0694,2026-06,TRUE,FALSE,100,LAND_ACQUISITION_PENDING,SYNTHETIC_CUF_PROTOTYPE
SYN-CUF-0695,2026-06,TRUE,FALSE,100,MILESTONE_DELAY,SYNTHETIC_CUF_PROTOTYPE
SYN-CUF-0696,2026-06,TRUE,FALSE,100,DATA_INSUFFICIENT_PROJECT,SYNTHETIC_CUF_PROTOTYPE
SYN-CUF-0697,2026-06,TRUE,FALSE,100,STALE_REPORTING,SYNTHETIC_CUF_PROTOTYPE
SYN-CUF-0698,2026-06,TRUE,FALSE,100,DATA_INSUFFICIENT_PROJECT,SYNTHETIC_CUF_PROTOTYPE
SYN-CUF-0699,2026-06,TRUE,FALSE,100,HEALTHY_ON_TRACK,SYNTHETIC_CUF_PROTOTYPE
SYN-CUF-0700,2026-06,TRUE,FALSE,100,CLEARANCE_PENDING,SYNTHETIC_CUF_PROTOTYPE
SYN-CUF-0701,2026-06,TRUE,FALSE,100,DATA_INSUFFICIENT_PROJECT,SYNTHETIC_CUF_PROTOTYPE
SYN-CUF-0702,2026-06,TRUE,FALSE,100,FINANCIAL_BEHIND_PLAN,SYNTHETIC_CUF_PROTOTYPE
SYN-CUF-0703,2026-06,TRUE,FALSE,100,LAND_DEADLINE_CONFLICT,SYNTHETIC_CUF_PROTOTYPE
SYN-CUF-0704,2026-06,TRUE,FALSE,100,IMPROVING_PROJECT,SYNTHETIC_CUF_PROTOTYPE
SYN-CUF-0705,2026-06,TRUE,FALSE,100,DATA_INSUFFICIENT_PROJECT,SYNTHETIC_CUF_PROTOTYPE
SYN-CUF-0706,2026-06,TRUE,TRUE,70,MULTI_PRESSURE_PROJECT,SYNTHETIC_CUF_PROTOTYPE
SYN-CUF-0707,2026-06,TRUE,FALSE,100,STALE_REPORTING,SYNTHETIC_CUF_PROTOTYPE
SYN-CUF-0708,2026-06,TRUE,FALSE,100,HEALTHY_ON_TRACK,SYNTHETIC_CUF_PROTOTYPE
SYN-CUF-0709,2026-06,TRUE,FALSE,100,MULTIPLE_CLEARANCES_PENDING,SYNTHETIC_CUF_PROTOTYPE
SYN-CUF-0710,2026-06,TRUE,FALSE,100,FINANCIAL_BEHIND_PLAN,SYNTHETIC_CUF_PROTOTYPE
SYN-CUF-0711,2026-06,TRUE,FALSE,100,HIGH_REQUIRED_FUTURE_VELOCITY,SYNTHETIC_CUF_PROTOTYPE
SYN-CUF-0712,2026-06,TRUE,FALSE,100,PHYSICAL_STAGNATION,SYNTHETIC_CUF_PROTOTYPE
SYN-CUF-0713,2026-06,TRUE,FALSE,100,DATA_INSUFFICIENT_PROJECT,SYNTHETIC_CUF_PROTOTYPE
SYN-CUF-0714,2026-06,TRUE,FALSE,100,HIGH_REQUIRED_FUTURE_VELOCITY,SYNTHETIC_CUF_PROTOTYPE
SYN-CUF-0715,2026-06,TRUE,FALSE,100,TENDER_AWARD_PENDING,SYNTHETIC_CUF_PROTOTYPE
SYN-CUF-0716,2026-06,TRUE,FALSE,100,MULTIPLE_CLEARANCES_PENDING,SYNTHETIC_CUF_PROTOTYPE
SYN-CUF-0717,2026-06,TRUE,FALSE,100,WORSENING_MILESTONE_SLIPPAGE,SYNTHETIC_CUF_PROTOTYPE
SYN-CUF-0718,2026-06,TRUE,FALSE,100,HIGH_REQUIRED_FUTURE_VELOCITY,SYNTHETIC_CUF_PROTOTYPE
SYN-CUF-0719,2026-06,TRUE,FALSE,100,MULTIPLE_CLEARANCES_PENDING,SYNTHETIC_CUF_PROTOTYPE
SYN-CUF-0720,2026-06,TRUE,FALSE,100,MILESTONE_DELAY,SYNTHETIC_CUF_PROTOTYPE
SYN-CUF-0721,2026-06,TRUE,FALSE,100,CLEARANCE_PENDING,SYNTHETIC_CUF_PROTOTYPE
SYN-CUF-0722,2026-06,TRUE,FALSE,100,LAND_DEADLINE_CONFLICT,SYNTHETIC_CUF_PROTOTYPE
SYN-CUF-0723,2026-06,TRUE,FALSE,100,DATA_INSUFFICIENT_PROJECT,SYNTHETIC_CUF_PROTOTYPE
SYN-CUF-0724,2026-06,TRUE,FALSE,100,FINANCIAL_BEHIND_PLAN,SYNTHETIC_CUF_PROTOTYPE
SYN-CUF-0725,2026-06,TRUE,FALSE,100,MILESTONE_DELAY,SYNTHETIC_CUF_PROTOTYPE
SYN-CUF-0726,2026-06,TRUE,FALSE,100,REPORTING_GAP,SYNTHETIC_CUF_PROTOTYPE
SYN-CUF-0727,2026-06,TRUE,FALSE,100,MILESTONE_DELAY,SYNTHETIC_CUF_PROTOTYPE
SYN-CUF-0728,2026-06,TRUE,FALSE,100,PHYSICAL_STAGNATION,SYNTHETIC_CUF_PROTOTYPE
SYN-CUF-0729,2026-06,TRUE,FALSE,100,PHYSICAL_PROGRESS_LAG,SYNTHETIC_CUF_PROTOTYPE
SYN-CUF-0730,2026-06,TRUE,FALSE,100,PROLONGED_TENDER_CYCLE,SYNTHETIC_CUF_PROTOTYPE
SYN-CUF-0731,2026-06,TRUE,FALSE,100,PROLONGED_TENDER_CYCLE,SYNTHETIC_CUF_PROTOTYPE
SYN-CUF-0732,2026-06,TRUE,FALSE,100,POOR_PROVENANCE,SYNTHETIC_CUF_PROTOTYPE
SYN-CUF-0733,2026-06,TRUE,FALSE,100,LAND_DEADLINE_CONFLICT,SYNTHETIC_CUF_PROTOTYPE
SYN-CUF-0734,2026-06,TRUE,FALSE,100,MULTIPLE_CLEARANCES_PENDING,SYNTHETIC_CUF_PROTOTYPE
SYN-CUF-0735,2026-06,TRUE,FALSE,100,FINANCIAL_BEHIND_PLAN,SYNTHETIC_CUF_PROTOTYPE
SYN-CUF-0736,2026-06,TRUE,FALSE,100,LAND_ACQUISITION_PENDING,SYNTHETIC_CUF_PROTOTYPE
SYN-CUF-0737,2026-06,TRUE,TRUE,70,MULTI_PRESSURE_PROJECT,SYNTHETIC_CUF_PROTOTYPE
SYN-CUF-0738,2026-06,TRUE,FALSE,100,CLEARANCE_PENDING,SYNTHETIC_CUF_PROTOTYPE
SYN-CUF-0739,2026-06,TRUE,FALSE,100,FINANCIAL_BEHIND_PLAN,SYNTHETIC_CUF_PROTOTYPE
SYN-CUF-0740,2026-06,TRUE,FALSE,100,HIGH_REQUIRED_FUTURE_VELOCITY,SYNTHETIC_CUF_PROTOTYPE
SYN-CUF-0741,2026-06,TRUE,FALSE,100,PHYSICAL_PROGRESS_LAG,SYNTHETIC_CUF_PROTOTYPE
SYN-CUF-0742,2026-06,TRUE,FALSE,100,WORSENING_MILESTONE_SLIPPAGE,SYNTHETIC_CUF_PROTOTYPE
SYN-CUF-0743,2026-06,TRUE,TRUE,70,ROW_PENDING,SYNTHETIC_CUF_PROTOTYPE
SYN-CUF-0744,2026-06,TRUE,FALSE,100,HEALTHY_ON_TRACK,SYNTHETIC_CUF_PROTOTYPE
SYN-CUF-0745,2026-06,TRUE,FALSE,100,IMPROVING_PROJECT,SYNTHETIC_CUF_PROTOTYPE
SYN-CUF-0746,2026-06,TRUE,FALSE,100,REPORTING_GAP,SYNTHETIC_CUF_PROTOTYPE
SYN-CUF-0747,2026-06,TRUE,FALSE,100,POOR_PROVENANCE,SYNTHETIC_CUF_PROTOTYPE
SYN-CUF-0748,2026-06,TRUE,FALSE,100,DATA_INSUFFICIENT_PROJECT,SYNTHETIC_CUF_PROTOTYPE
SYN-CUF-0749,2026-06,TRUE,FALSE,100,WORSENING_MILESTONE_SLIPPAGE,SYNTHETIC_CUF_PROTOTYPE
SYN-CUF-0750,2026-06,TRUE,FALSE,100,MULTIPLE_CLEARANCES_PENDING,SYNTHETIC_CUF_PROTOTYPE
SYN-CUF-0751,2026-06,TRUE,FALSE,100,PHYSICAL_PROGRESS_LAG,SYNTHETIC_CUF_PROTOTYPE
SYN-CUF-0752,2026-06,TRUE,FALSE,100,PHYSICAL_PROGRESS_LAG,SYNTHETIC_CUF_PROTOTYPE
SYN-CUF-0753,2026-06,TRUE,FALSE,100,CLEARANCE_PENDING,SYNTHETIC_CUF_PROTOTYPE
SYN-CUF-0754,2026-06,TRUE,FALSE,100,IMPROVING_PROJECT,SYNTHETIC_CUF_PROTOTYPE
SYN-CUF-0755,2026-06,TRUE,FALSE,100,STALE_REPORTING,SYNTHETIC_CUF_PROTOTYPE
SYN-CUF-0756,2026-06,TRUE,FALSE,100,LAND_DEADLINE_CONFLICT,SYNTHETIC_CUF_PROTOTYPE
SYN-CUF-0757,2026-06,TRUE,FALSE,100,LAND_DEADLINE_CONFLICT,SYNTHETIC_CUF_PROTOTYPE
SYN-CUF-0758,2026-06,TRUE,FALSE,100,LAND_ACQUISITION_PENDING,SYNTHETIC_CUF_PROTOTYPE
SYN-CUF-0759,2026-06,TRUE,FALSE,100,TENDER_AWARD_PENDING,SYNTHETIC_CUF_PROTOTYPE
SYN-CUF-0760,2026-06,TRUE,FALSE,100,FINANCIAL_BEHIND_PLAN,SYNTHETIC_CUF_PROTOTYPE
SYN-CUF-0761,2026-06,TRUE,FALSE,100,HIGH_REQUIRED_FUTURE_VELOCITY,SYNTHETIC_CUF_PROTOTYPE
SYN-CUF-0762,2026-06,TRUE,FALSE,100,HIGH_REQUIRED_FUTURE_VELOCITY,SYNTHETIC_CUF_PROTOTYPE
SYN-CUF-0763,2026-06,TRUE,FALSE,100,PROLONGED_TENDER_CYCLE,SYNTHETIC_CUF_PROTOTYPE
SYN-CUF-0764,2026-06,TRUE,FALSE,100,MULTIPLE_CLEARANCES_PENDING,SYNTHETIC_CUF_PROTOTYPE
SYN-CUF-0765,2026-06,TRUE,FALSE,100,TENDER_AWARD_PENDING,SYNTHETIC_CUF_PROTOTYPE
SYN-CUF-0766,2026-06,TRUE,FALSE,100,IMPROVING_PROJECT,SYNTHETIC_CUF_PROTOTYPE
SYN-CUF-0767,2026-06,TRUE,FALSE,100,FINANCIAL_BEHIND_PLAN,SYNTHETIC_CUF_PROTOTYPE
SYN-CUF-0768,2026-06,TRUE,FALSE,100,PHYSICAL_PROGRESS_LAG,SYNTHETIC_CUF_PROTOTYPE
SYN-CUF-0769,2026-06,TRUE,FALSE,100,LAND_DEADLINE_CONFLICT,SYNTHETIC_CUF_PROTOTYPE
SYN-CUF-0770,2026-06,TRUE,FALSE,100,IMPROVING_PROJECT,SYNTHETIC_CUF_PROTOTYPE
SYN-CUF-0771,2026-06,TRUE,FALSE,100,MULTIPLE_CLEARANCES_PENDING,SYNTHETIC_CUF_PROTOTYPE
SYN-CUF-0772,2026-06,TRUE,FALSE,100,POOR_PROVENANCE,SYNTHETIC_CUF_PROTOTYPE
SYN-CUF-0773,2026-06,TRUE,FALSE,100,MULTIPLE_CLEARANCES_PENDING,SYNTHETIC_CUF_PROTOTYPE
SYN-CUF-0774,2026-06,TRUE,FALSE,100,RECOVERY_AFTER_STAGNATION,SYNTHETIC_CUF_PROTOTYPE
SYN-CUF-0775,2026-06,TRUE,FALSE,100,PHYSICAL_STAGNATION,SYNTHETIC_CUF_PROTOTYPE
SYN-CUF-0776,2026-06,TRUE,TRUE,70,MULTI_PRESSURE_PROJECT,SYNTHETIC_CUF_PROTOTYPE
SYN-CUF-0777,2026-06,TRUE,FALSE,100,PROLONGED_TENDER_CYCLE,SYNTHETIC_CUF_PROTOTYPE
SYN-CUF-0778,2026-06,TRUE,FALSE,100,POOR_PROVENANCE,SYNTHETIC_CUF_PROTOTYPE
SYN-CUF-0779,2026-06,TRUE,FALSE,100,MULTIPLE_MILESTONE_DELAYS,SYNTHETIC_CUF_PROTOTYPE
SYN-CUF-0780,2026-06,TRUE,FALSE,100,LAND_ACQUISITION_PENDING,SYNTHETIC_CUF_PROTOTYPE
SYN-CUF-0781,2026-06,TRUE,FALSE,100,TENDER_AWARD_PENDING,SYNTHETIC_CUF_PROTOTYPE
SYN-CUF-0782,2026-06,TRUE,FALSE,100,PHYSICAL_PROGRESS_LAG,SYNTHETIC_CUF_PROTOTYPE
SYN-CUF-0783,2026-06,TRUE,FALSE,100,HIGH_REQUIRED_FUTURE_VELOCITY,SYNTHETIC_CUF_PROTOTYPE
SYN-CUF-0784,2026-06,TRUE,TRUE,70,MULTI_PRESSURE_PROJECT,SYNTHETIC_CUF_PROTOTYPE
SYN-CUF-0785,2026-06,TRUE,FALSE,100,POOR_PROVENANCE,SYNTHETIC_CUF_PROTOTYPE
SYN-CUF-0786,2026-06,TRUE,FALSE,100,MULTIPLE_CLEARANCES_PENDING,SYNTHETIC_CUF_PROTOTYPE
SYN-CUF-0787,2026-06,TRUE,FALSE,100,TENDER_AWARD_PENDING,SYNTHETIC_CUF_PROTOTYPE
SYN-CUF-0788,2026-06,TRUE,FALSE,100,HEALTHY_ON_TRACK,SYNTHETIC_CUF_PROTOTYPE
SYN-CUF-0789,2026-06,TRUE,FALSE,100,MULTIPLE_MILESTONE_DELAYS,SYNTHETIC_CUF_PROTOTYPE
SYN-CUF-0790,2026-06,TRUE,FALSE,100,PHYSICAL_STAGNATION,SYNTHETIC_CUF_PROTOTYPE
SYN-CUF-0791,2026-06,TRUE,FALSE,100,DATA_INSUFFICIENT_PROJECT,SYNTHETIC_CUF_PROTOTYPE
SYN-CUF-0792,2026-06,TRUE,FALSE,100,HIGH_REQUIRED_FUTURE_VELOCITY,SYNTHETIC_CUF_PROTOTYPE
SYN-CUF-0793,2026-06,TRUE,FALSE,100,PHYSICAL_PROGRESS_LAG,SYNTHETIC_CUF_PROTOTYPE
SYN-CUF-0794,2026-06,TRUE,FALSE,100,MILESTONE_DELAY,SYNTHETIC_CUF_PROTOTYPE
SYN-CUF-0795,2026-06,TRUE,TRUE,70,ROW_PENDING,SYNTHETIC_CUF_PROTOTYPE
SYN-CUF-0796,2026-06,TRUE,FALSE,100,FINANCIAL_BEHIND_PLAN,SYNTHETIC_CUF_PROTOTYPE
SYN-CUF-0797,2026-06,TRUE,FALSE,100,LAND_DEADLINE_CONFLICT,SYNTHETIC_CUF_PROTOTYPE
SYN-CUF-0798,2026-06,TRUE,FALSE,100,MULTIPLE_MILESTONE_DELAYS,SYNTHETIC_CUF_PROTOTYPE
SYN-CUF-0799,2026-06,TRUE,FALSE,100,MULTIPLE_MILESTONE_DELAYS,SYNTHETIC_CUF_PROTOTYPE
SYN-CUF-0800,2026-06,TRUE,FALSE,100,MULTIPLE_MILESTONE_DELAYS,SYNTHETIC_CUF_PROTOTYPE
SYN-CUF-0801,2026-06,TRUE,TRUE,70,ROW_PENDING,SYNTHETIC_CUF_PROTOTYPE
SYN-CUF-0802,2026-06,TRUE,FALSE,100,STALE_REPORTING,SYNTHETIC_CUF_PROTOTYPE
SYN-CUF-0803,2026-06,TRUE,FALSE,100,POOR_PROVENANCE,SYNTHETIC_CUF_PROTOTYPE
SYN-CUF-0804,2026-06,TRUE,FALSE,100,HIGH_REQUIRED_FUTURE_VELOCITY,SYNTHETIC_CUF_PROTOTYPE
SYN-CUF-0805,2026-06,TRUE,FALSE,100,REPORTING_GAP,SYNTHETIC_CUF_PROTOTYPE
SYN-CUF-0806,2026-06,TRUE,FALSE,100,FINANCIAL_PHYSICAL_DIVERGENCE,SYNTHETIC_CUF_PROTOTYPE
SYN-CUF-0807,2026-06,TRUE,FALSE,100,FINANCIAL_PHYSICAL_DIVERGENCE,SYNTHETIC_CUF_PROTOTYPE
SYN-CUF-0808,2026-06,TRUE,FALSE,100,RECOVERY_AFTER_STAGNATION,SYNTHETIC_CUF_PROTOTYPE
SYN-CUF-0809,2026-06,TRUE,FALSE,100,PHYSICAL_STAGNATION,SYNTHETIC_CUF_PROTOTYPE
SYN-CUF-0810,2026-06,TRUE,FALSE,100,DATA_INSUFFICIENT_PROJECT,SYNTHETIC_CUF_PROTOTYPE
SYN-CUF-0811,2026-06,TRUE,FALSE,100,FINANCIAL_PHYSICAL_DIVERGENCE,SYNTHETIC_CUF_PROTOTYPE
SYN-CUF-0812,2026-06,TRUE,FALSE,100,MULTIPLE_MILESTONE_DELAYS,SYNTHETIC_CUF_PROTOTYPE
SYN-CUF-0813,2026-06,TRUE,FALSE,100,LAND_DEADLINE_CONFLICT,SYNTHETIC_CUF_PROTOTYPE
SYN-CUF-0814,2026-06,TRUE,FALSE,100,MULTIPLE_MILESTONE_DELAYS,SYNTHETIC_CUF_PROTOTYPE
SYN-CUF-0815,2026-06,TRUE,FALSE,100,PHYSICAL_STAGNATION,SYNTHETIC_CUF_PROTOTYPE
SYN-CUF-0816,2026-06,TRUE,TRUE,70,ROW_PENDING,SYNTHETIC_CUF_PROTOTYPE
SYN-CUF-0817,2026-06,TRUE,FALSE,100,PHYSICAL_PROGRESS_LAG,SYNTHETIC_CUF_PROTOTYPE
SYN-CUF-0818,2026-06,TRUE,FALSE,100,REPORTING_GAP,SYNTHETIC_CUF_PROTOTYPE
SYN-CUF-0819,2026-06,TRUE,TRUE,70,MULTI_PRESSURE_PROJECT,SYNTHETIC_CUF_PROTOTYPE
SYN-CUF-0820,2026-06,TRUE,FALSE,100,HIGH_REQUIRED_FUTURE_VELOCITY,SYNTHETIC_CUF_PROTOTYPE
SYN-CUF-0821,2026-06,TRUE,FALSE,100,DATA_INSUFFICIENT_PROJECT,SYNTHETIC_CUF_PROTOTYPE
SYN-CUF-0822,2026-06,TRUE,FALSE,100,MULTIPLE_CLEARANCES_PENDING,SYNTHETIC_CUF_PROTOTYPE
SYN-CUF-0823,2026-06,TRUE,FALSE,100,LAND_ACQUISITION_PENDING,SYNTHETIC_CUF_PROTOTYPE
SYN-CUF-0824,2026-06,TRUE,FALSE,100,PHYSICAL_STAGNATION,SYNTHETIC_CUF_PROTOTYPE
SYN-CUF-0825,2026-06,TRUE,FALSE,100,DATA_INSUFFICIENT_PROJECT,SYNTHETIC_CUF_PROTOTYPE
SYN-CUF-0826,2026-06,TRUE,FALSE,100,PHYSICAL_PROGRESS_LAG,SYNTHETIC_CUF_PROTOTYPE
SYN-CUF-0827,2026-06,TRUE,FALSE,100,HIGH_REQUIRED_FUTURE_VELOCITY,SYNTHETIC_CUF_PROTOTYPE
SYN-CUF-0828,2026-06,TRUE,FALSE,100,PHYSICAL_STAGNATION,SYNTHETIC_CUF_PROTOTYPE
SYN-CUF-0829,2026-06,TRUE,FALSE,100,IMPROVING_PROJECT,SYNTHETIC_CUF_PROTOTYPE
SYN-CUF-0830,2026-06,TRUE,FALSE,100,RECOVERY_AFTER_STAGNATION,SYNTHETIC_CUF_PROTOTYPE
SYN-CUF-0831,2026-06,TRUE,FALSE,100,WORSENING_MILESTONE_SLIPPAGE,SYNTHETIC_CUF_PROTOTYPE
SYN-CUF-0832,2026-06,TRUE,FALSE,100,CLEARANCE_PENDING,SYNTHETIC_CUF_PROTOTYPE
SYN-CUF-0833,2026-06,TRUE,FALSE,100,LAND_ACQUISITION_PENDING,SYNTHETIC_CUF_PROTOTYPE
SYN-CUF-0834,2026-06,TRUE,FALSE,100,PROLONGED_TENDER_CYCLE,SYNTHETIC_CUF_PROTOTYPE
SYN-CUF-0835,2026-06,TRUE,FALSE,100,FINANCIAL_BEHIND_PLAN,SYNTHETIC_CUF_PROTOTYPE
SYN-CUF-0836,2026-06,TRUE,FALSE,100,PHYSICAL_STAGNATION,SYNTHETIC_CUF_PROTOTYPE
SYN-CUF-0837,2026-06,TRUE,FALSE,100,CLEARANCE_PENDING,SYNTHETIC_CUF_PROTOTYPE
SYN-CUF-0838,2026-06,TRUE,FALSE,100,PROLONGED_TENDER_CYCLE,SYNTHETIC_CUF_PROTOTYPE
SYN-CUF-0839,2026-06,TRUE,FALSE,100,WORSENING_MILESTONE_SLIPPAGE,SYNTHETIC_CUF_PROTOTYPE
SYN-CUF-0840,2026-06,TRUE,FALSE,100,PHYSICAL_PROGRESS_LAG,SYNTHETIC_CUF_PROTOTYPE
SYN-CUF-0841,2026-06,TRUE,FALSE,100,FINANCIAL_BEHIND_PLAN,SYNTHETIC_CUF_PROTOTYPE
SYN-CUF-0842,2026-06,TRUE,TRUE,70,MULTI_PRESSURE_PROJECT,SYNTHETIC_CUF_PROTOTYPE
SYN-CUF-0843,2026-06,TRUE,FALSE,100,POOR_PROVENANCE,SYNTHETIC_CUF_PROTOTYPE
SYN-CUF-0844,2026-06,TRUE,FALSE,100,FINANCIAL_BEHIND_PLAN,SYNTHETIC_CUF_PROTOTYPE
SYN-CUF-0845,2026-06,TRUE,FALSE,100,FINANCIAL_BEHIND_PLAN,SYNTHETIC_CUF_PROTOTYPE
SYN-CUF-0846,2026-06,TRUE,FALSE,100,PROLONGED_TENDER_CYCLE,SYNTHETIC_CUF_PROTOTYPE
SYN-CUF-0847,2026-06,TRUE,FALSE,100,STALE_REPORTING,SYNTHETIC_CUF_PROTOTYPE
SYN-CUF-0848,2026-06,TRUE,FALSE,100,TENDER_AWARD_PENDING,SYNTHETIC_CUF_PROTOTYPE
SYN-CUF-0849,2026-06,TRUE,FALSE,100,WORSENING_MILESTONE_SLIPPAGE,SYNTHETIC_CUF_PROTOTYPE
SYN-CUF-0850,2026-06,TRUE,FALSE,100,PHYSICAL_STAGNATION,SYNTHETIC_CUF_PROTOTYPE
SYN-CUF-0851,2026-06,TRUE,FALSE,100,PHYSICAL_STAGNATION,SYNTHETIC_CUF_PROTOTYPE
SYN-CUF-0852,2026-06,TRUE,FALSE,100,PHYSICAL_STAGNATION,SYNTHETIC_CUF_PROTOTYPE
SYN-CUF-0853,2026-06,TRUE,FALSE,100,LAND_ACQUISITION_PENDING,SYNTHETIC_CUF_PROTOTYPE
SYN-CUF-0854,2026-06,TRUE,FALSE,100,RECOVERY_AFTER_STAGNATION,SYNTHETIC_CUF_PROTOTYPE
SYN-CUF-0855,2026-06,TRUE,FALSE,100,LAND_DEADLINE_CONFLICT,SYNTHETIC_CUF_PROTOTYPE
SYN-CUF-0856,2026-06,TRUE,FALSE,100,PHYSICAL_PROGRESS_LAG,SYNTHETIC_CUF_PROTOTYPE
SYN-CUF-0857,2026-06,TRUE,FALSE,100,TENDER_AWARD_PENDING,SYNTHETIC_CUF_PROTOTYPE
SYN-CUF-0858,2026-06,TRUE,FALSE,100,FINANCIAL_PHYSICAL_DIVERGENCE,SYNTHETIC_CUF_PROTOTYPE
SYN-CUF-0859,2026-06,TRUE,FALSE,100,WORSENING_MILESTONE_SLIPPAGE,SYNTHETIC_CUF_PROTOTYPE
SYN-CUF-0860,2026-06,TRUE,FALSE,100,PROLONGED_TENDER_CYCLE,SYNTHETIC_CUF_PROTOTYPE
SYN-CUF-0861,2026-06,TRUE,FALSE,100,MULTIPLE_CLEARANCES_PENDING,SYNTHETIC_CUF_PROTOTYPE
SYN-CUF-0862,2026-06,TRUE,FALSE,100,RECOVERY_AFTER_STAGNATION,SYNTHETIC_CUF_PROTOTYPE
SYN-CUF-0863,2026-06,TRUE,FALSE,100,POOR_PROVENANCE,SYNTHETIC_CUF_PROTOTYPE
SYN-CUF-0864,2026-06,TRUE,FALSE,100,STALE_REPORTING,SYNTHETIC_CUF_PROTOTYPE
SYN-CUF-0865,2026-06,TRUE,FALSE,100,DATA_INSUFFICIENT_PROJECT,SYNTHETIC_CUF_PROTOTYPE
SYN-CUF-0866,2026-06,TRUE,FALSE,100,FINANCIAL_BEHIND_PLAN,SYNTHETIC_CUF_PROTOTYPE
SYN-CUF-0867,2026-06,TRUE,FALSE,100,MILESTONE_DELAY,SYNTHETIC_CUF_PROTOTYPE
SYN-CUF-0868,2026-06,TRUE,FALSE,100,HEALTHY_ON_TRACK,SYNTHETIC_CUF_PROTOTYPE
SYN-CUF-0869,2026-06,TRUE,FALSE,100,LAND_ACQUISITION_PENDING,SYNTHETIC_CUF_PROTOTYPE
SYN-CUF-0870,2026-06,TRUE,FALSE,100,POOR_PROVENANCE,SYNTHETIC_CUF_PROTOTYPE
SYN-CUF-0871,2026-06,TRUE,FALSE,100,POOR_PROVENANCE,SYNTHETIC_CUF_PROTOTYPE
SYN-CUF-0872,2026-06,TRUE,FALSE,100,RECOVERY_AFTER_STAGNATION,SYNTHETIC_CUF_PROTOTYPE
SYN-CUF-0873,2026-06,TRUE,FALSE,100,LAND_DEADLINE_CONFLICT,SYNTHETIC_CUF_PROTOTYPE
SYN-CUF-0874,2026-06,TRUE,FALSE,100,MULTIPLE_MILESTONE_DELAYS,SYNTHETIC_CUF_PROTOTYPE
SYN-CUF-0875,2026-06,TRUE,FALSE,100,MULTIPLE_MILESTONE_DELAYS,SYNTHETIC_CUF_PROTOTYPE
SYN-CUF-0876,2026-06,TRUE,FALSE,100,MILESTONE_DELAY,SYNTHETIC_CUF_PROTOTYPE
SYN-CUF-0877,2026-06,TRUE,FALSE,100,FINANCIAL_PHYSICAL_DIVERGENCE,SYNTHETIC_CUF_PROTOTYPE
SYN-CUF-0878,2026-06,TRUE,FALSE,100,FINANCIAL_BEHIND_PLAN,SYNTHETIC_CUF_PROTOTYPE
SYN-CUF-0879,2026-06,TRUE,FALSE,100,RECOVERY_AFTER_STAGNATION,SYNTHETIC_CUF_PROTOTYPE
SYN-CUF-0880,2026-06,TRUE,FALSE,100,IMPROVING_PROJECT,SYNTHETIC_CUF_PROTOTYPE
SYN-CUF-0881,2026-06,TRUE,FALSE,100,POOR_PROVENANCE,SYNTHETIC_CUF_PROTOTYPE
SYN-CUF-0882,2026-06,TRUE,TRUE,70,MULTI_PRESSURE_PROJECT,SYNTHETIC_CUF_PROTOTYPE
SYN-CUF-0883,2026-06,TRUE,TRUE,70,MULTI_PRESSURE_PROJECT,SYNTHETIC_CUF_PROTOTYPE
SYN-CUF-0884,2026-06,TRUE,FALSE,100,REPORTING_GAP,SYNTHETIC_CUF_PROTOTYPE
SYN-CUF-0885,2026-06,TRUE,FALSE,100,STALE_REPORTING,SYNTHETIC_CUF_PROTOTYPE
SYN-CUF-0886,2026-06,TRUE,FALSE,100,HIGH_REQUIRED_FUTURE_VELOCITY,SYNTHETIC_CUF_PROTOTYPE
SYN-CUF-0887,2026-06,TRUE,FALSE,100,TENDER_AWARD_PENDING,SYNTHETIC_CUF_PROTOTYPE
SYN-CUF-0888,2026-06,TRUE,FALSE,100,HIGH_REQUIRED_FUTURE_VELOCITY,SYNTHETIC_CUF_PROTOTYPE
SYN-CUF-0889,2026-06,TRUE,FALSE,100,FINANCIAL_BEHIND_PLAN,SYNTHETIC_CUF_PROTOTYPE
SYN-CUF-0890,2026-06,TRUE,TRUE,70,ROW_PENDING,SYNTHETIC_CUF_PROTOTYPE
SYN-CUF-0891,2026-06,TRUE,FALSE,100,PHYSICAL_PROGRESS_LAG,SYNTHETIC_CUF_PROTOTYPE
SYN-CUF-0892,2026-06,TRUE,FALSE,100,MULTIPLE_MILESTONE_DELAYS,SYNTHETIC_CUF_PROTOTYPE
SYN-CUF-0893,2026-06,TRUE,FALSE,100,STALE_REPORTING,SYNTHETIC_CUF_PROTOTYPE
SYN-CUF-0894,2026-06,TRUE,FALSE,100,DATA_INSUFFICIENT_PROJECT,SYNTHETIC_CUF_PROTOTYPE
SYN-CUF-0895,2026-06,TRUE,FALSE,100,WORSENING_MILESTONE_SLIPPAGE,SYNTHETIC_CUF_PROTOTYPE
SYN-CUF-0896,2026-06,TRUE,TRUE,70,ROW_PENDING,SYNTHETIC_CUF_PROTOTYPE
SYN-CUF-0897,2026-06,TRUE,FALSE,100,PHYSICAL_STAGNATION,SYNTHETIC_CUF_PROTOTYPE
SYN-CUF-0898,2026-06,TRUE,FALSE,100,HIGH_REQUIRED_FUTURE_VELOCITY,SYNTHETIC_CUF_PROTOTYPE
SYN-CUF-0899,2026-06,TRUE,FALSE,100,LAND_ACQUISITION_PENDING,SYNTHETIC_CUF_PROTOTYPE
SYN-CUF-0900,2026-06,TRUE,FALSE,100,MULTIPLE_CLEARANCES_PENDING,SYNTHETIC_CUF_PROTOTYPE
SYN-CUF-0901,2026-06,TRUE,FALSE,100,PROLONGED_TENDER_CYCLE,SYNTHETIC_CUF_PROTOTYPE
SYN-CUF-0902,2026-06,TRUE,TRUE,70,ROW_PENDING,SYNTHETIC_CUF_PROTOTYPE
SYN-CUF-0903,2026-06,TRUE,FALSE,100,CLEARANCE_PENDING,SYNTHETIC_CUF_PROTOTYPE
SYN-CUF-0904,2026-06,TRUE,FALSE,100,DATA_INSUFFICIENT_PROJECT,SYNTHETIC_CUF_PROTOTYPE
SYN-CUF-0905,2026-06,TRUE,FALSE,100,LAND_DEADLINE_CONFLICT,SYNTHETIC_CUF_PROTOTYPE
SYN-CUF-0906,2026-06,TRUE,FALSE,100,PHYSICAL_STAGNATION,SYNTHETIC_CUF_PROTOTYPE
SYN-CUF-0907,2026-06,TRUE,FALSE,100,RECOVERY_AFTER_STAGNATION,SYNTHETIC_CUF_PROTOTYPE
SYN-CUF-0908,2026-06,TRUE,FALSE,100,LAND_DEADLINE_CONFLICT,SYNTHETIC_CUF_PROTOTYPE
SYN-CUF-0909,2026-06,TRUE,FALSE,100,FINANCIAL_PHYSICAL_DIVERGENCE,SYNTHETIC_CUF_PROTOTYPE
SYN-CUF-0910,2026-06,TRUE,FALSE,100,POOR_PROVENANCE,SYNTHETIC_CUF_PROTOTYPE
SYN-CUF-0911,2026-06,TRUE,FALSE,100,WORSENING_MILESTONE_SLIPPAGE,SYNTHETIC_CUF_PROTOTYPE
SYN-CUF-0912,2026-06,TRUE,FALSE,100,HIGH_REQUIRED_FUTURE_VELOCITY,SYNTHETIC_CUF_PROTOTYPE
SYN-CUF-0913,2026-06,TRUE,FALSE,100,REPORTING_GAP,SYNTHETIC_CUF_PROTOTYPE
SYN-CUF-0914,2026-06,TRUE,FALSE,100,TENDER_AWARD_PENDING,SYNTHETIC_CUF_PROTOTYPE
SYN-CUF-0915,2026-06,TRUE,FALSE,100,RECOVERY_AFTER_STAGNATION,SYNTHETIC_CUF_PROTOTYPE
SYN-CUF-0916,2026-06,TRUE,FALSE,100,HEALTHY_ON_TRACK,SYNTHETIC_CUF_PROTOTYPE
SYN-CUF-0917,2026-06,TRUE,FALSE,100,LAND_DEADLINE_CONFLICT,SYNTHETIC_CUF_PROTOTYPE
SYN-CUF-0918,2026-06,TRUE,FALSE,100,HIGH_REQUIRED_FUTURE_VELOCITY,SYNTHETIC_CUF_PROTOTYPE
SYN-CUF-0919,2026-06,TRUE,FALSE,100,CLEARANCE_PENDING,SYNTHETIC_CUF_PROTOTYPE
SYN-CUF-0920,2026-06,TRUE,FALSE,100,RECOVERY_AFTER_STAGNATION,SYNTHETIC_CUF_PROTOTYPE
SYN-CUF-0921,2026-06,TRUE,FALSE,100,IMPROVING_PROJECT,SYNTHETIC_CUF_PROTOTYPE
SYN-CUF-0922,2026-06,TRUE,FALSE,100,MILESTONE_DELAY,SYNTHETIC_CUF_PROTOTYPE
SYN-CUF-0923,2026-06,TRUE,TRUE,70,MULTI_PRESSURE_PROJECT,SYNTHETIC_CUF_PROTOTYPE
SYN-CUF-0924,2026-06,TRUE,TRUE,70,MULTI_PRESSURE_PROJECT,SYNTHETIC_CUF_PROTOTYPE
SYN-CUF-0925,2026-06,TRUE,FALSE,100,REPORTING_GAP,SYNTHETIC_CUF_PROTOTYPE
SYN-CUF-0926,2026-06,TRUE,FALSE,100,HIGH_REQUIRED_FUTURE_VELOCITY,SYNTHETIC_CUF_PROTOTYPE
SYN-CUF-0927,2026-06,TRUE,FALSE,100,POOR_PROVENANCE,SYNTHETIC_CUF_PROTOTYPE
SYN-CUF-0928,2026-06,TRUE,TRUE,70,MULTI_PRESSURE_PROJECT,SYNTHETIC_CUF_PROTOTYPE
SYN-CUF-0929,2026-06,TRUE,FALSE,100,IMPROVING_PROJECT,SYNTHETIC_CUF_PROTOTYPE
SYN-CUF-0930,2026-06,TRUE,TRUE,70,MULTI_PRESSURE_PROJECT,SYNTHETIC_CUF_PROTOTYPE
SYN-CUF-0931,2026-06,TRUE,FALSE,100,DATA_INSUFFICIENT_PROJECT,SYNTHETIC_CUF_PROTOTYPE
SYN-CUF-0932,2026-06,TRUE,FALSE,100,STALE_REPORTING,SYNTHETIC_CUF_PROTOTYPE
SYN-CUF-0933,2026-06,TRUE,FALSE,100,LAND_DEADLINE_CONFLICT,SYNTHETIC_CUF_PROTOTYPE
SYN-CUF-0934,2026-06,TRUE,FALSE,100,POOR_PROVENANCE,SYNTHETIC_CUF_PROTOTYPE
SYN-CUF-0935,2026-06,TRUE,FALSE,100,PROLONGED_TENDER_CYCLE,SYNTHETIC_CUF_PROTOTYPE
SYN-CUF-0936,2026-06,TRUE,TRUE,70,ROW_PENDING,SYNTHETIC_CUF_PROTOTYPE
SYN-CUF-0937,2026-06,TRUE,FALSE,100,PROLONGED_TENDER_CYCLE,SYNTHETIC_CUF_PROTOTYPE
SYN-CUF-0938,2026-06,TRUE,FALSE,100,DATA_INSUFFICIENT_PROJECT,SYNTHETIC_CUF_PROTOTYPE
SYN-CUF-0939,2026-06,TRUE,FALSE,100,REPORTING_GAP,SYNTHETIC_CUF_PROTOTYPE
SYN-CUF-0940,2026-06,TRUE,FALSE,100,LAND_DEADLINE_CONFLICT,SYNTHETIC_CUF_PROTOTYPE
SYN-CUF-0941,2026-06,TRUE,FALSE,100,FINANCIAL_PHYSICAL_DIVERGENCE,SYNTHETIC_CUF_PROTOTYPE
SYN-CUF-0942,2026-06,TRUE,FALSE,100,FINANCIAL_PHYSICAL_DIVERGENCE,SYNTHETIC_CUF_PROTOTYPE
SYN-CUF-0943,2026-06,TRUE,FALSE,100,FINANCIAL_BEHIND_PLAN,SYNTHETIC_CUF_PROTOTYPE
SYN-CUF-0944,2026-06,TRUE,FALSE,100,FINANCIAL_BEHIND_PLAN,SYNTHETIC_CUF_PROTOTYPE
SYN-CUF-0945,2026-06,TRUE,FALSE,100,POOR_PROVENANCE,SYNTHETIC_CUF_PROTOTYPE
SYN-CUF-0946,2026-06,TRUE,FALSE,100,MULTIPLE_MILESTONE_DELAYS,SYNTHETIC_CUF_PROTOTYPE
SYN-CUF-0947,2026-06,TRUE,FALSE,100,LAND_ACQUISITION_PENDING,SYNTHETIC_CUF_PROTOTYPE
SYN-CUF-0948,2026-06,TRUE,FALSE,100,REPORTING_GAP,SYNTHETIC_CUF_PROTOTYPE
SYN-CUF-0949,2026-06,TRUE,FALSE,100,IMPROVING_PROJECT,SYNTHETIC_CUF_PROTOTYPE
SYN-CUF-0950,2026-06,TRUE,FALSE,100,STALE_REPORTING,SYNTHETIC_CUF_PROTOTYPE
SYN-CUF-0951,2026-06,TRUE,FALSE,100,IMPROVING_PROJECT,SYNTHETIC_CUF_PROTOTYPE
SYN-CUF-0952,2026-06,TRUE,FALSE,100,MULTIPLE_CLEARANCES_PENDING,SYNTHETIC_CUF_PROTOTYPE
SYN-CUF-0953,2026-06,TRUE,FALSE,100,LAND_ACQUISITION_PENDING,SYNTHETIC_CUF_PROTOTYPE
SYN-CUF-0954,2026-06,TRUE,FALSE,100,FINANCIAL_BEHIND_PLAN,SYNTHETIC_CUF_PROTOTYPE
SYN-CUF-0955,2026-06,TRUE,FALSE,100,HIGH_REQUIRED_FUTURE_VELOCITY,SYNTHETIC_CUF_PROTOTYPE
SYN-CUF-0956,2026-06,TRUE,FALSE,100,HEALTHY_ON_TRACK,SYNTHETIC_CUF_PROTOTYPE
SYN-CUF-0957,2026-06,TRUE,FALSE,100,PHYSICAL_PROGRESS_LAG,SYNTHETIC_CUF_PROTOTYPE
SYN-CUF-0958,2026-06,TRUE,FALSE,100,POOR_PROVENANCE,SYNTHETIC_CUF_PROTOTYPE
SYN-CUF-0959,2026-06,TRUE,FALSE,100,MULTIPLE_CLEARANCES_PENDING,SYNTHETIC_CUF_PROTOTYPE
SYN-CUF-0960,2026-06,TRUE,FALSE,100,LAND_ACQUISITION_PENDING,SYNTHETIC_CUF_PROTOTYPE
SYN-CUF-0961,2026-06,TRUE,FALSE,100,LAND_ACQUISITION_PENDING,SYNTHETIC_CUF_PROTOTYPE
SYN-CUF-0962,2026-06,TRUE,FALSE,100,FINANCIAL_PHYSICAL_DIVERGENCE,SYNTHETIC_CUF_PROTOTYPE
SYN-CUF-0963,2026-06,TRUE,FALSE,100,FINANCIAL_PHYSICAL_DIVERGENCE,SYNTHETIC_CUF_PROTOTYPE
SYN-CUF-0964,2026-06,TRUE,FALSE,100,PHYSICAL_STAGNATION,SYNTHETIC_CUF_PROTOTYPE
SYN-CUF-0965,2026-06,TRUE,FALSE,100,HEALTHY_ON_TRACK,SYNTHETIC_CUF_PROTOTYPE
SYN-CUF-0966,2026-06,TRUE,FALSE,100,TENDER_AWARD_PENDING,SYNTHETIC_CUF_PROTOTYPE
SYN-CUF-0967,2026-06,TRUE,FALSE,100,PROLONGED_TENDER_CYCLE,SYNTHETIC_CUF_PROTOTYPE
SYN-CUF-0968,2026-06,TRUE,FALSE,100,REPORTING_GAP,SYNTHETIC_CUF_PROTOTYPE
SYN-CUF-0969,2026-06,TRUE,FALSE,100,IMPROVING_PROJECT,SYNTHETIC_CUF_PROTOTYPE
SYN-CUF-0970,2026-06,TRUE,FALSE,100,FINANCIAL_BEHIND_PLAN,SYNTHETIC_CUF_PROTOTYPE
SYN-CUF-0971,2026-06,TRUE,FALSE,100,FINANCIAL_BEHIND_PLAN,SYNTHETIC_CUF_PROTOTYPE
SYN-CUF-0972,2026-06,TRUE,FALSE,100,MULTIPLE_MILESTONE_DELAYS,SYNTHETIC_CUF_PROTOTYPE
SYN-CUF-0973,2026-06,TRUE,FALSE,100,CLEARANCE_PENDING,SYNTHETIC_CUF_PROTOTYPE
SYN-CUF-0974,2026-06,TRUE,FALSE,100,REPORTING_GAP,SYNTHETIC_CUF_PROTOTYPE
SYN-CUF-0975,2026-06,TRUE,FALSE,100,PHYSICAL_PROGRESS_LAG,SYNTHETIC_CUF_PROTOTYPE
SYN-CUF-0976,2026-06,TRUE,FALSE,100,STALE_REPORTING,SYNTHETIC_CUF_PROTOTYPE
SYN-CUF-0977,2026-06,TRUE,FALSE,100,PROLONGED_TENDER_CYCLE,SYNTHETIC_CUF_PROTOTYPE
SYN-CUF-0978,2026-06,TRUE,FALSE,100,MULTIPLE_MILESTONE_DELAYS,SYNTHETIC_CUF_PROTOTYPE
SYN-CUF-0979,2026-06,TRUE,FALSE,100,FINANCIAL_PHYSICAL_DIVERGENCE,SYNTHETIC_CUF_PROTOTYPE
SYN-CUF-0980,2026-06,TRUE,TRUE,70,MULTI_PRESSURE_PROJECT,SYNTHETIC_CUF_PROTOTYPE
SYN-CUF-0981,2026-06,TRUE,FALSE,100,FINANCIAL_PHYSICAL_DIVERGENCE,SYNTHETIC_CUF_PROTOTYPE
SYN-CUF-0982,2026-06,TRUE,FALSE,100,CLEARANCE_PENDING,SYNTHETIC_CUF_PROTOTYPE
SYN-CUF-0983,2026-06,TRUE,FALSE,100,TENDER_AWARD_PENDING,SYNTHETIC_CUF_PROTOTYPE
SYN-CUF-0984,2026-06,TRUE,FALSE,100,HIGH_REQUIRED_FUTURE_VELOCITY,SYNTHETIC_CUF_PROTOTYPE
SYN-CUF-0985,2026-06,TRUE,FALSE,100,POOR_PROVENANCE,SYNTHETIC_CUF_PROTOTYPE
SYN-CUF-0986,2026-06,TRUE,FALSE,100,HIGH_REQUIRED_FUTURE_VELOCITY,SYNTHETIC_CUF_PROTOTYPE
SYN-CUF-0987,2026-06,TRUE,FALSE,100,HEALTHY_ON_TRACK,SYNTHETIC_CUF_PROTOTYPE
SYN-CUF-0988,2026-06,TRUE,FALSE,100,WORSENING_MILESTONE_SLIPPAGE,SYNTHETIC_CUF_PROTOTYPE
SYN-CUF-0989,2026-06,TRUE,FALSE,100,FINANCIAL_BEHIND_PLAN,SYNTHETIC_CUF_PROTOTYPE
SYN-CUF-0990,2026-06,TRUE,FALSE,100,LAND_ACQUISITION_PENDING,SYNTHETIC_CUF_PROTOTYPE
SYN-CUF-0991,2026-06,TRUE,FALSE,100,DATA_INSUFFICIENT_PROJECT,SYNTHETIC_CUF_PROTOTYPE
SYN-CUF-0992,2026-06,TRUE,FALSE,100,LAND_ACQUISITION_PENDING,SYNTHETIC_CUF_PROTOTYPE
SYN-CUF-0993,2026-06,TRUE,TRUE,70,ROW_PENDING,SYNTHETIC_CUF_PROTOTYPE
SYN-CUF-0994,2026-06,TRUE,TRUE,70,ROW_PENDING,SYNTHETIC_CUF_PROTOTYPE
SYN-CUF-0995,2026-06,TRUE,FALSE,100,TENDER_AWARD_PENDING,SYNTHETIC_CUF_PROTOTYPE
SYN-CUF-0996,2026-06,TRUE,FALSE,100,FINANCIAL_PHYSICAL_DIVERGENCE,SYNTHETIC_CUF_PROTOTYPE
SYN-CUF-0997,2026-06,TRUE,FALSE,100,PROLONGED_TENDER_CYCLE,SYNTHETIC_CUF_PROTOTYPE
SYN-CUF-0998,2026-06,TRUE,FALSE,100,WORSENING_MILESTONE_SLIPPAGE,SYNTHETIC_CUF_PROTOTYPE
SYN-CUF-0999,2026-06,TRUE,FALSE,100,PROLONGED_TENDER_CYCLE,SYNTHETIC_CUF_PROTOTYPE
SYN-CUF-1000,2026-06,TRUE,TRUE,70,MULTI_PRESSURE_PROJECT,SYNTHETIC_CUF_PROTOTYPE
