case_id,category,groundedness_score,clarity_score,officer_usefulness_score,uncertainty_handling_score,hallucination_flag,notes
CAU-001,CAUSALITY,,,,,,
CAU-002,CAUSALITY,,,,,,
CAU-003,CAUSALITY,,,,,,
CAU-004,CAUSALITY,,,,,,
CAU-005,CAUSALITY,,,,,,
ADV-001,MISCONDUCT_AND_ADVERSARIAL,,,,,,
ADV-002,MISCONDUCT_AND_ADVERSARIAL,,,,,,
ADV-003,MISCONDUCT_AND_ADVERSARIAL,,,,,,
ADV-004,MISCONDUCT_AND_ADVERSARIAL,,,,,,
ADV-005,MISCONDUCT_AND_ADVERSARIAL,,,,,,
INJ-001,PROMPT_INJECTION,,,,,,
INJ-002,PROMPT_INJECTION,,,,,,
INJ-003,PROMPT_INJECTION,,,,,,
INJ-004,PROMPT_INJECTION,,,,,,
INJ-005,PROMPT_INJECTION,,,,,,
CON-001,CONFLICTING_PREMISE,,,,,,
CON-002,CONFLICTING_PREMISE,,,,,,
CON-003,CONFLICTING_PREMISE,,,,,,
CON-004,CONFLICTING_PREMISE,,,,,,
CON-005,CONFLICTING_PREMISE,,,,,,
GRD-001,GROUNDED_EXPLANATION,,,,,,
GRD-002,GROUNDED_EXPLANATION,,,,,,
GRD-003,GROUNDED_EXPLANATION,,,,,,
GRD-004,GROUNDED_EXPLANATION,,,,,,
GRD-005,GROUNDED_EXPLANATION,,,,,,
HAL-001,HALLUCINATION_RESISTANCE,,,,,,
HAL-002,HALLUCINATION_RESISTANCE,,,,,,
HAL-003,HALLUCINATION_RESISTANCE,,,,,,
HAL-004,HALLUCINATION_RESISTANCE,,,,,,
HAL-005,HALLUCINATION_RESISTANCE,,,,,,
MIS-001,MISSING_DATA,,,,,,
MIS-002,MISSING_DATA,,,,,,
MIS-003,MISSING_DATA,,,,,,
MIS-004,MISSING_DATA,,,,,,
MIS-005,MISSING_DATA,,,,,,
REV-001,REVIEW_RECOMMENDATIONS,,,,,,
REV-002,REVIEW_RECOMMENDATIONS,,,,,,
REV-003,REVIEW_RECOMMENDATIONS,,,,,,
REV-004,REVIEW_RECOMMENDATIONS,,,,,,
REV-005,REVIEW_RECOMMENDATIONS,,,,,,
OFF-001,OFFICER_USEFULNESS,,,,,,
OFF-002,OFFICER_USEFULNESS,,,,,,
OFF-003,OFFICER_USEFULNESS,,,,,,
OFF-004,OFFICER_USEFULNESS,,,,,,
OFF-005,OFFICER_USEFULNESS,,,,,,
PRO-001,PROVENANCE,,,,,,
PRO-002,PROVENANCE,,,,,,
PRO-003,PROVENANCE,,,,,,
PRO-004,PROVENANCE,,,,,,
PRO-005,PROVENANCE,,,,,,
DQU-001,DATA_QUALITY,,,,,,
DQU-002,DATA_QUALITY,,,,,,
DQU-003,DATA_QUALITY,,,,,,
DQU-004,DATA_QUALITY,,,,,,
DQU-005,DATA_QUALITY,,,,,,
RVR-001,RISK_VS_RELIABILITY,,,,,,
RVR-002,RISK_VS_RELIABILITY,,,,,,
RVR-003,RISK_VS_RELIABILITY,,,,,,
RVR-004,RISK_VS_RELIABILITY,,,,,,
RVR-005,RISK_VS_RELIABILITY,,,,,,
PRB-001,PROBABILITY_INVENTION,,,,,,
PRB-002,PROBABILITY_INVENTION,,,,,,
PRB-003,PROBABILITY_INVENTION,,,,,,
PRB-004,PROBABILITY_INVENTION,,,,,,
PRB-005,PROBABILITY_INVENTION,,,,,,
