target,horizon_months,feature_contract,fold_id,model,threshold,capacity_threshold,fold_claim_status,research_mode,target_validation_status,raw_brier,calibrated_brier,calibration_intercept,calibration_slope,method
S1,3,basic-long-history-v1,F4,rule,0.75,0.75,ADMITTED,PROTOTYPE_RESEARCH_OVERRIDE,MACHINE_PROVISIONAL,0.16136324491904927,0.16136324491904927,-1.273876029322287,1.2617417536118933,NONE
S1,3,basic-long-history-v1,F4,logistic_regression,0.19502127864841415,0.22607911333699093,ADMITTED,PROTOTYPE_RESEARCH_OVERRIDE,MACHINE_PROVISIONAL,0.1633480458267819,0.16179672158079222,2.40167110596724,2.4601465616773726,PLATT_ON_PAST_VALIDATION
S1,3,basic-long-history-v1,F4,hist_gradient_boosting,0.17286202947432305,0.27139211739869307,ADMITTED,PROTOTYPE_RESEARCH_OVERRIDE,MACHINE_PROVISIONAL,0.18286994921473942,0.1527149509088245,3.0051351651455334,2.7827481471696984,PLATT_ON_PAST_VALIDATION
S1,3,basic-long-history-v1,F4,random_forest,0.17333399745132752,0.2674124496475946,ADMITTED,PROTOTYPE_RESEARCH_OVERRIDE,MACHINE_PROVISIONAL,0.13020293032786515,0.15181252422269673,4.478322000991435,3.8313118822341212,PLATT_ON_PAST_VALIDATION
S1,3,basic-long-history-v1,F4,xgboost,0.16944734752178192,0.2817800045013428,ADMITTED,PROTOTYPE_RESEARCH_OVERRIDE,MACHINE_PROVISIONAL,0.17912797308154663,0.15126652112849137,3.559767007827759,3.170987606048584,PLATT_ON_PAST_VALIDATION
S1,6,basic-long-history-v1,F3,rule,0.75,0.75,ADMITTED,PROTOTYPE_RESEARCH_OVERRIDE,MACHINE_PROVISIONAL,0.15358527131782945,0.15358527131782945,-0.01864643500952092,1.35595413647959,NONE
S1,6,basic-long-history-v1,F3,logistic_regression,0.07332183787525787,0.08979366102896734,ADMITTED,PROTOTYPE_RESEARCH_OVERRIDE,MACHINE_PROVISIONAL,0.2122065313580108,0.27702675562558826,-0.18017916713225898,0.17028638716615754,PLATT_ON_PAST_VALIDATION
S1,6,basic-long-history-v1,F3,hist_gradient_boosting,0.05976790754524813,0.09177965656411968,ADMITTED,PROTOTYPE_RESEARCH_OVERRIDE,MACHINE_PROVISIONAL,0.28280921138499254,0.2694328230211272,2.7412195869830596,1.2178548815193961,PLATT_ON_PAST_VALIDATION
S1,6,basic-long-history-v1,F3,random_forest,0.09531297685552043,0.11094492517232635,ADMITTED,PROTOTYPE_RESEARCH_OVERRIDE,MACHINE_PROVISIONAL,0.1907344489172178,0.272421425103324,3.0712368994882953,1.1710904335999353,PLATT_ON_PAST_VALIDATION
S1,6,basic-long-history-v1,F3,xgboost,0.09120964944362638,0.09886481612920761,ADMITTED,PROTOTYPE_RESEARCH_OVERRIDE,MACHINE_PROVISIONAL,0.26243877446253255,0.2699888822737934,2.6235716342926025,1.135736346244812,PLATT_ON_PAST_VALIDATION
S1,6,basic-long-history-v1,F4,rule,0.75,0.75,DESCRIPTIVE_ONLY,PROTOTYPE_RESEARCH_OVERRIDE,MACHINE_PROVISIONAL,0.16338202866593166,0.16338202866593166,-1.4009351996283816,0.7777037810360865,NONE
S1,6,basic-long-history-v1,F4,logistic_regression,0.07332183787525787,0.08979366102896734,DESCRIPTIVE_ONLY,PROTOTYPE_RESEARCH_OVERRIDE,MACHINE_PROVISIONAL,0.17730066961170554,0.13615686447665995,-0.8673862760914995,0.2549637565889836,PLATT_ON_PAST_VALIDATION
S1,6,basic-long-history-v1,F4,hist_gradient_boosting,0.05976790754524813,0.09177965656411968,DESCRIPTIVE_ONLY,PROTOTYPE_RESEARCH_OVERRIDE,MACHINE_PROVISIONAL,0.14728743643142975,0.13392736006627848,1.950836986866076,1.2788142214869054,PLATT_ON_PAST_VALIDATION
S1,6,basic-long-history-v1,F4,random_forest,0.09531297685552043,0.11094492517232635,DESCRIPTIVE_ONLY,PROTOTYPE_RESEARCH_OVERRIDE,MACHINE_PROVISIONAL,0.12403474755606123,0.13371124723315433,2.1251108571091786,1.1835328040400965,PLATT_ON_PAST_VALIDATION
S1,6,basic-long-history-v1,F4,xgboost,0.09120964944362638,0.09886481612920761,DESCRIPTIVE_ONLY,PROTOTYPE_RESEARCH_OVERRIDE,MACHINE_PROVISIONAL,0.13474569460105618,0.13437056939599384,1.6114317178726196,1.1128352880477905,PLATT_ON_PAST_VALIDATION
S2,3,basic-long-history-v1,F3,rule,0.75,0.75,DESCRIPTIVE_ONLY,PROTOTYPE_RESEARCH_OVERRIDE,MACHINE_PROVISIONAL,0.22517682263329705,0.22517682263329705,-1.0353616452013343,0.5664686320366215,NONE
S2,3,basic-long-history-v1,F3,logistic_regression,0.19566789031035858,0.22053358440290993,DESCRIPTIVE_ONLY,PROTOTYPE_RESEARCH_OVERRIDE,MACHINE_PROVISIONAL,0.3312254931434849,0.18588897336644297,-0.6575848688154315,0.3226087447859805,PLATT_ON_PAST_VALIDATION
S2,3,basic-long-history-v1,F3,hist_gradient_boosting,0.18259333997117744,0.34256276860169793,DESCRIPTIVE_ONLY,PROTOTYPE_RESEARCH_OVERRIDE,MACHINE_PROVISIONAL,0.1929457027952487,0.18185698491316338,0.4032615468305056,0.8581374799408844,PLATT_ON_PAST_VALIDATION
S2,3,basic-long-history-v1,F3,random_forest,0.2167866814735415,0.32169784929382944,DESCRIPTIVE_ONLY,PROTOTYPE_RESEARCH_OVERRIDE,MACHINE_PROVISIONAL,0.17050135082101106,0.1751774180787937,1.4121985935042456,1.5103747172783035,PLATT_ON_PAST_VALIDATION
S2,3,basic-long-history-v1,F3,xgboost,0.2160271906852722,0.3220501244068146,DESCRIPTIVE_ONLY,PROTOTYPE_RESEARCH_OVERRIDE,MACHINE_PROVISIONAL,0.18182606049414396,0.18094263091743584,0.29549747705459595,0.8163926005363464,PLATT_ON_PAST_VALIDATION
S2,3,basic-long-history-v1,F4,rule,0.75,0.75,ADMITTED,PROTOTYPE_RESEARCH_OVERRIDE,MACHINE_PROVISIONAL,0.210424639387695,0.210424639387695,-0.5624650818474268,1.0006861907306115,NONE
S2,3,basic-long-history-v1,F4,logistic_regression,0.19566789031035858,0.22053358440290993,ADMITTED,PROTOTYPE_RESEARCH_OVERRIDE,MACHINE_PROVISIONAL,0.27309856476188593,0.2720236510331307,0.959510899749892,0.9673479724388517,PLATT_ON_PAST_VALIDATION
S2,3,basic-long-history-v1,F4,hist_gradient_boosting,0.18259333997117744,0.34256276860169793,ADMITTED,PROTOTYPE_RESEARCH_OVERRIDE,MACHINE_PROVISIONAL,0.3089910233938078,0.3096433400552435,1.3248025519853122,0.8707043129792572,PLATT_ON_PAST_VALIDATION
S2,3,basic-long-history-v1,F4,random_forest,0.2167866814735415,0.32169784929382944,ADMITTED,PROTOTYPE_RESEARCH_OVERRIDE,MACHINE_PROVISIONAL,0.22531198359542873,0.308347531714398,1.766825306951187,1.1679644506052869,PLATT_ON_PAST_VALIDATION
S2,3,basic-long-history-v1,F4,xgboost,0.2160271906852722,0.3220501244068146,ADMITTED,PROTOTYPE_RESEARCH_OVERRIDE,MACHINE_PROVISIONAL,0.2790879351131991,0.3028065857250447,1.245415210723877,0.861619234085083,PLATT_ON_PAST_VALIDATION
S2,6,basic-long-history-v1,F3,rule,0.75,0.75,DESCRIPTIVE_ONLY,PROTOTYPE_RESEARCH_OVERRIDE,MACHINE_PROVISIONAL,0.21508215962441316,0.21508215962441316,-0.13890928091185278,0.7182485328504036,NONE
S2,6,basic-long-history-v1,F3,logistic_regression,0.3859918144200394,0.46103587662973383,DESCRIPTIVE_ONLY,PROTOTYPE_RESEARCH_OVERRIDE,MACHINE_PROVISIONAL,0.21498851362649504,0.23896987068234335,1.047403041398194,1.1634146102796947,PLATT_ON_PAST_VALIDATION
S2,6,basic-long-history-v1,F3,hist_gradient_boosting,0.33663441066524996,0.4583640505344813,DESCRIPTIVE_ONLY,PROTOTYPE_RESEARCH_OVERRIDE,MACHINE_PROVISIONAL,0.23741534029367276,0.2257855572618091,0.9308910495995786,1.9748087114370536,PLATT_ON_PAST_VALIDATION
S2,6,basic-long-history-v1,F3,random_forest,0.3181407367640584,0.5042978494657876,DESCRIPTIVE_ONLY,PROTOTYPE_RESEARCH_OVERRIDE,MACHINE_PROVISIONAL,0.20540180976410746,0.21773484450665612,0.9153223589156883,1.758376802036962,PLATT_ON_PAST_VALIDATION
S2,6,basic-long-history-v1,F3,xgboost,0.32168400287628174,0.5237636566162109,DESCRIPTIVE_ONLY,PROTOTYPE_RESEARCH_OVERRIDE,MACHINE_PROVISIONAL,0.21841500491924695,0.21430837178536213,0.6408772468566895,1.5955907106399536,PLATT_ON_PAST_VALIDATION
S2,6,basic-long-history-v1,F4,rule,0.75,0.75,DESCRIPTIVE_ONLY,PROTOTYPE_RESEARCH_OVERRIDE,MACHINE_PROVISIONAL,0.21899606299212598,0.21899606299212598,-0.27348193169992147,0.7436488687604434,NONE
S2,6,basic-long-history-v1,F4,logistic_regression,0.3859918144200394,0.46103587662973383,DESCRIPTIVE_ONLY,PROTOTYPE_RESEARCH_OVERRIDE,MACHINE_PROVISIONAL,0.2174474380084391,0.25128790986237814,1.1306089636453795,1.2036571754195813,PLATT_ON_PAST_VALIDATION
S2,6,basic-long-history-v1,F4,hist_gradient_boosting,0.33663441066524996,0.4583640505344813,DESCRIPTIVE_ONLY,PROTOTYPE_RESEARCH_OVERRIDE,MACHINE_PROVISIONAL,0.2749285736947545,0.24171036162288326,0.7012095442798256,1.4081054826990118,PLATT_ON_PAST_VALIDATION
S2,6,basic-long-history-v1,F4,random_forest,0.3181407367640584,0.5042978494657876,DESCRIPTIVE_ONLY,PROTOTYPE_RESEARCH_OVERRIDE,MACHINE_PROVISIONAL,0.22248726132069893,0.2367559230251388,0.6649090835142759,1.244591910017388,PLATT_ON_PAST_VALIDATION
S2,6,basic-long-history-v1,F4,xgboost,0.32168400287628174,0.5237636566162109,DESCRIPTIVE_ONLY,PROTOTYPE_RESEARCH_OVERRIDE,MACHINE_PROVISIONAL,0.2605376890732178,0.23377297745045147,0.444576621055603,1.097237467765808,PLATT_ON_PAST_VALIDATION
