target,horizon_months,feature_contract,fold_id,test_start,test_end,outcome_realization_end,train_rows,validation_rows,test_rows,test_events,test_projects,validation_months,latest_training_outcome,status,reason
S1,3,basic-long-history-v1,F1,2023-04,2023-08,2023-11,0,1713,4899,306,1161,2022-11|2022-12,1900-04,DESCRIPTIVE_ONLY,PREDECLARED_SUPPORT_MINIMUM_NOT_MET
S1,3,basic-long-history-v1,F2,2024-06,2024-10,2025-01,5174,3032,4041,0,1156,2023-06|2023-07|2023-08,2023-05,DESCRIPTIVE_ONLY,PREDECLARED_SUPPORT_MINIMUM_NOT_MET
S1,3,basic-long-history-v1,F3,2025-03,2025-09,2025-12,10910,4041,1611,391,432,2024-07|2024-08|2024-09|2024-10,2023-11,DESCRIPTIVE_ONLY,PREDECLARED_SUPPORT_MINIMUM_NOT_MET
S1,3,basic-long-history-v1,F4,2025-10,2026-03,2026-06,10910,1675,2903,627,934,2024-10|2025-04|2025-05|2025-06,2023-11,ADMITTED,
S1,3,compact-v2.1-calendar-safe,F1,2023-04,2023-08,2023-11,0,0,0,0,0,,1900-04,DESCRIPTIVE_ONLY,PREDECLARED_SUPPORT_MINIMUM_NOT_MET
S1,3,compact-v2.1-calendar-safe,F2,2024-06,2024-10,2025-01,0,0,4041,0,1156,,1900-04,DESCRIPTIVE_ONLY,PREDECLARED_SUPPORT_MINIMUM_NOT_MET
S1,3,compact-v2.1-calendar-safe,F3,2025-03,2025-09,2025-12,0,1812,1611,391,432,2024-09|2024-10,1900-04,DESCRIPTIVE_ONLY,PREDECLARED_SUPPORT_MINIMUM_NOT_MET
S1,3,compact-v2.1-calendar-safe,F4,2025-10,2026-03,2026-06,4041,525,2903,627,934,2025-05|2025-06,2025-01,DESCRIPTIVE_ONLY,PREDECLARED_SUPPORT_MINIMUM_NOT_MET
S1,6,basic-long-history-v1,F1,2023-04,2023-08,2024-02,0,0,1709,197,948,,1900-07,DESCRIPTIVE_ONLY,PREDECLARED_SUPPORT_MINIMUM_NOT_MET
S1,6,basic-long-history-v1,F2,2024-06,2024-10,2025-04,778,1709,867,0,867,2023-04|2023-05,2023-03,DESCRIPTIVE_ONLY,PREDECLARED_SUPPORT_MINIMUM_NOT_MET
S1,6,basic-long-history-v1,F3,2025-03,2025-09,2026-03,1556,1793,1548,467,407,2023-05|2024-07,2023-04,ADMITTED,
S1,6,basic-long-history-v1,F4,2025-10,2026-03,2026-09,1556,1793,907,135,337,2023-05|2024-07,2023-04,DESCRIPTIVE_ONLY,PREDECLARED_SUPPORT_MINIMUM_NOT_MET
S2,3,basic-long-history-v1,F1,2023-04,2023-08,2023-11,0,553,2002,419,495,2022-11|2022-12,1900-04,DESCRIPTIVE_ONLY,PREDECLARED_SUPPORT_MINIMUM_NOT_MET
S2,3,basic-long-history-v1,F2,2024-06,2024-10,2025-01,1720,1262,0,0,0,2023-06|2023-07|2023-08,2023-05,DESCRIPTIVE_ONLY,PREDECLARED_SUPPORT_MINIMUM_NOT_MET
S2,3,basic-long-history-v1,F3,2025-03,2025-09,2025-12,1720,1262,919,229,383,2023-06|2023-07|2023-08,2023-05,DESCRIPTIVE_ONLY,PREDECLARED_SUPPORT_MINIMUM_NOT_MET
S2,3,basic-long-history-v1,F4,2025-10,2026-03,2026-06,1720,1262,3397,1585,1072,2023-06|2023-07|2023-08,2023-05,ADMITTED,
S2,3,compact-v2.1-calendar-safe,F1,2023-04,2023-08,2023-11,0,0,0,0,0,,1900-04,DESCRIPTIVE_ONLY,PREDECLARED_SUPPORT_MINIMUM_NOT_MET
S2,3,compact-v2.1-calendar-safe,F2,2024-06,2024-10,2025-01,0,0,0,0,0,,1900-04,DESCRIPTIVE_ONLY,PREDECLARED_SUPPORT_MINIMUM_NOT_MET
S2,3,compact-v2.1-calendar-safe,F3,2025-03,2025-09,2025-12,0,0,919,229,383,,1900-04,DESCRIPTIVE_ONLY,PREDECLARED_SUPPORT_MINIMUM_NOT_MET
S2,3,compact-v2.1-calendar-safe,F4,2025-10,2026-03,2026-06,0,0,3397,1585,1072,,1900-04,DESCRIPTIVE_ONLY,PREDECLARED_SUPPORT_MINIMUM_NOT_MET
S2,6,basic-long-history-v1,F1,2023-04,2023-08,2024-02,0,0,658,223,343,,1900-07,DESCRIPTIVE_ONLY,PREDECLARED_SUPPORT_MINIMUM_NOT_MET
S2,6,basic-long-history-v1,F2,2024-06,2024-10,2025-04,206,658,0,0,0,2023-04|2023-05,2023-03,DESCRIPTIVE_ONLY,PREDECLARED_SUPPORT_MINIMUM_NOT_MET
S2,6,basic-long-history-v1,F3,2025-03,2025-09,2026-03,206,658,852,358,345,2023-04|2023-05,2023-03,DESCRIPTIVE_ONLY,PREDECLARED_SUPPORT_MINIMUM_NOT_MET
S2,6,basic-long-history-v1,F4,2025-10,2026-03,2026-09,206,658,1016,461,375,2023-04|2023-05,2023-03,DESCRIPTIVE_ONLY,PREDECLARED_SUPPORT_MINIMUM_NOT_MET
