target,horizon_months,feature_contract,fold_id,model,threshold,capacity_threshold,fold_claim_status,research_mode,target_validation_status,pr_auc,roc_auc,precision,recall,false_alerts_per_100,brier,ece,warning_rate,test_rows,test_events
S1,3,basic-long-history-v1,F4,rule,0.75,0.75,ADMITTED,PROTOTYPE_RESEARCH_OVERRIDE,MACHINE_PROVISIONAL,0.46433653151809207,0.7999477243996715,0.5280423280423281,0.79585326953748,19.59578207381371,0.16136324491904927,0.1967791939373062,0.3255253186358939,2903,627
S1,3,basic-long-history-v1,F4,logistic_regression,0.19502127864841415,0.22607911333699093,ADMITTED,PROTOTYPE_RESEARCH_OVERRIDE,MACHINE_PROVISIONAL,0.36170490176425985,0.7339157928372617,0.3631100082712986,0.7001594896331739,33.83128295254833,0.16179672158079222,0.06863347167977009,0.4164657251119532,2903,627
S1,3,basic-long-history-v1,F4,hist_gradient_boosting,0.17286202947432305,0.27139211739869307,ADMITTED,PROTOTYPE_RESEARCH_OVERRIDE,MACHINE_PROVISIONAL,0.51962197858317,0.7952485263326075,0.4166666666666667,0.773524720893142,29.833040421792617,0.1527149509088245,0.06785257535514713,0.40096451946262485,2903,627
S1,3,basic-long-history-v1,F4,random_forest,0.17333399745132752,0.2674124496475946,ADMITTED,PROTOTYPE_RESEARCH_OVERRIDE,MACHINE_PROVISIONAL,0.5715567184749195,0.834147949759364,0.4220939818631492,0.8165869218500797,30.799648506151144,0.15181252422269673,0.10923776623330404,0.41784361005856013,2903,627
S1,3,basic-long-history-v1,F4,xgboost,0.16944734752178192,0.2817800045013428,ADMITTED,PROTOTYPE_RESEARCH_OVERRIDE,MACHINE_PROVISIONAL,0.5558689464000861,0.817610010006643,0.4090528080469405,0.7783094098883573,30.975395430579965,0.15126652112849137,0.08870224143040621,0.4109541853255253,2903,627
S1,3,basic-long-history-v1,F4,equal_soft_vote,0.17063269701862946,0.2724614490490673,ADMITTED,PROTOTYPE_RESEARCH_OVERRIDE,MACHINE_PROVISIONAL,0.5744044819613014,0.8263094126913384,0.41459369817578773,0.7974481658692185,31.01933216168717,0.15161917969412247,0.09203021652389619,0.41543231140199793,2903,627
S1,6,basic-long-history-v1,F3,rule,0.75,0.75,ADMITTED,PROTOTYPE_RESEARCH_OVERRIDE,MACHINE_PROVISIONAL,0.5647441187109346,0.7315199068195639,0.8135593220338984,0.5139186295503212,5.087881591119334,0.15358527131782945,0.0678294573643411,0.19056847545219638,1548,467
S1,6,basic-long-history-v1,F3,logistic_regression,0.07332183787525787,0.08979366102896734,ADMITTED,PROTOTYPE_RESEARCH_OVERRIDE,MACHINE_PROVISIONAL,0.47212837938300317,0.6238156833925285,0.6289308176100629,0.21413276231263384,5.45790934320074,0.27702675562558826,0.2676291259434528,0.10271317829457365,1548,467
S1,6,basic-long-history-v1,F3,hist_gradient_boosting,0.05976790754524813,0.09177965656411968,ADMITTED,PROTOTYPE_RESEARCH_OVERRIDE,MACHINE_PROVISIONAL,0.41022254401820635,0.6426458965150438,0.43950617283950616,0.3811563169164882,20.999074930619795,0.2694328230211272,0.2496012450523076,0.2616279069767442,1548,467
S1,6,basic-long-history-v1,F3,random_forest,0.09531297685552043,0.11094492517232635,ADMITTED,PROTOTYPE_RESEARCH_OVERRIDE,MACHINE_PROVISIONAL,0.5285971258511812,0.6904503919164386,0.7926829268292683,0.139186295503212,1.572617946345976,0.272421425103324,0.2634276090592002,0.05297157622739018,1548,467
S1,6,basic-long-history-v1,F3,xgboost,0.09120964944362638,0.09886481612920761,ADMITTED,PROTOTYPE_RESEARCH_OVERRIDE,MACHINE_PROVISIONAL,0.4447195439113789,0.6540834781023994,0.6,0.14132762312633834,4.070305272895467,0.2699888822737934,0.2535950136190468,0.0710594315245478,1548,467
S1,6,basic-long-history-v1,F3,equal_soft_vote,0.07434763869925312,0.09839806641160427,ADMITTED,PROTOTYPE_RESEARCH_OVERRIDE,MACHINE_PROVISIONAL,0.4841532688546513,0.6718519413581285,0.5416666666666666,0.22269807280513917,8.140610545790935,0.27049214330019317,0.25554128924351815,0.12403100775193798,1548,467
S1,6,basic-long-history-v1,F4,rule,0.75,0.75,DESCRIPTIVE_ONLY,PROTOTYPE_RESEARCH_OVERRIDE,MACHINE_PROVISIONAL,0.25533423169586345,0.6706102475532528,0.36666666666666664,0.4888888888888889,14.766839378238341,0.16338202866593166,0.20038588754134512,0.19845644983461963,907,135
S1,6,basic-long-history-v1,F4,logistic_regression,0.07332183787525787,0.08979366102896734,DESCRIPTIVE_ONLY,PROTOTYPE_RESEARCH_OVERRIDE,MACHINE_PROVISIONAL,0.27630218810006124,0.6686144693916716,0.3181818181818182,0.15555555555555556,5.829015544041451,0.13615686447665995,0.1124751722938798,0.07276736493936053,907,135
S1,6,basic-long-history-v1,F4,hist_gradient_boosting,0.05976790754524813,0.09177965656411968,DESCRIPTIVE_ONLY,PROTOTYPE_RESEARCH_OVERRIDE,MACHINE_PROVISIONAL,0.22211481405277678,0.6566829783151027,0.23247232472324722,0.4666666666666667,26.94300518134715,0.13392736006627848,0.09600534896098643,0.298787210584344,907,135
S1,6,basic-long-history-v1,F4,random_forest,0.09531297685552043,0.11094492517232635,DESCRIPTIVE_ONLY,PROTOTYPE_RESEARCH_OVERRIDE,MACHINE_PROVISIONAL,0.3478889210436529,0.6960516215697563,0.5227272727272727,0.17037037037037037,2.7202072538860103,0.13371124723315433,0.11183280204451888,0.04851157662624035,907,135
S1,6,basic-long-history-v1,F4,xgboost,0.09120964944362638,0.09886481612920761,DESCRIPTIVE_ONLY,PROTOTYPE_RESEARCH_OVERRIDE,MACHINE_PROVISIONAL,0.24022601031192564,0.6532047591633083,0.27450980392156865,0.1037037037037037,4.7927461139896375,0.13437056939599384,0.10127462352838577,0.05622932745314223,907,135
S1,6,basic-long-history-v1,F4,equal_soft_vote,0.07434763869925312,0.09839806641160427,DESCRIPTIVE_ONLY,PROTOTYPE_RESEARCH_OVERRIDE,MACHINE_PROVISIONAL,0.28745534869799805,0.6853722893878333,0.3673469387755102,0.26666666666666666,8.031088082901555,0.13385693183719613,0.10271243058847845,0.10804851157662625,907,135
S2,3,basic-long-history-v1,F3,rule,0.75,0.75,DESCRIPTIVE_ONLY,PROTOTYPE_RESEARCH_OVERRIDE,MACHINE_PROVISIONAL,0.3383666589571256,0.649126637554585,0.39825581395348836,0.5982532751091703,30.0,0.22517682263329705,0.1879760609357998,0.37431991294885747,919,229
S2,3,basic-long-history-v1,F3,logistic_regression,0.19566789031035858,0.22053358440290993,DESCRIPTIVE_ONLY,PROTOTYPE_RESEARCH_OVERRIDE,MACHINE_PROVISIONAL,0.35932890798369976,0.6203784570596798,0.29435483870967744,0.6375545851528385,50.72463768115942,0.18588897336644297,0.06304594270614117,0.5397170837867247,919,229
S2,3,basic-long-history-v1,F3,hist_gradient_boosting,0.18259333997117744,0.34256276860169793,DESCRIPTIVE_ONLY,PROTOTYPE_RESEARCH_OVERRIDE,MACHINE_PROVISIONAL,0.42256157420555107,0.6697867223593443,0.37969924812030076,0.4410480349344978,23.91304347826087,0.18185698491316338,0.09312274285237766,0.28944504896626766,919,229
S2,3,basic-long-history-v1,F3,random_forest,0.2167866814735415,0.32169784929382944,DESCRIPTIVE_ONLY,PROTOTYPE_RESEARCH_OVERRIDE,MACHINE_PROVISIONAL,0.522932263042206,0.7317574837035631,0.5561797752808989,0.43231441048034935,11.44927536231884,0.1751774180787937,0.09089230407092638,0.19368879216539717,919,229
S2,3,basic-long-history-v1,F3,xgboost,0.2160271906852722,0.3220501244068146,DESCRIPTIVE_ONLY,PROTOTYPE_RESEARCH_OVERRIDE,MACHINE_PROVISIONAL,0.4187792678070391,0.6658913992785266,0.40425531914893614,0.4148471615720524,20.28985507246377,0.18094263091743584,0.09044885176099164,0.25571273122959737,919,229
S2,3,basic-long-history-v1,F3,equal_soft_vote,0.21416659413606154,0.32449197740117747,DESCRIPTIVE_ONLY,PROTOTYPE_RESEARCH_OVERRIDE,MACHINE_PROVISIONAL,0.46041829353361896,0.6925637617872287,0.46411483253588515,0.42358078602620086,16.231884057971016,0.17849594602562027,0.09144573608401052,0.22742110990206746,919,229
S2,3,basic-long-history-v1,F4,rule,0.75,0.75,ADMITTED,PROTOTYPE_RESEARCH_OVERRIDE,MACHINE_PROVISIONAL,0.6114858390412344,0.7152129859819917,0.6311030741410488,0.8807570977917981,45.033112582781456,0.210424639387695,0.10899322931998823,0.6511627906976745,3397,1585
S2,3,basic-long-history-v1,F4,logistic_regression,0.19566789031035858,0.22053358440290993,ADMITTED,PROTOTYPE_RESEARCH_OVERRIDE,MACHINE_PROVISIONAL,0.6273696624057643,0.6742877835112568,0.549127640036731,0.7545741324921136,54.19426048565121,0.2720236510331307,0.20910162279951616,0.6411539593759199,3397,1585
S2,3,basic-long-history-v1,F4,hist_gradient_boosting,0.18259333997117744,0.34256276860169793,ADMITTED,PROTOTYPE_RESEARCH_OVERRIDE,MACHINE_PROVISIONAL,0.6448471216051479,0.6725912424008189,0.6228656273199703,0.5293375394321767,28.03532008830022,0.3096433400552435,0.28625265124759264,0.39652634677656756,3397,1585
S2,3,basic-long-history-v1,F4,random_forest,0.2167866814735415,0.32169784929382944,ADMITTED,PROTOTYPE_RESEARCH_OVERRIDE,MACHINE_PROVISIONAL,0.6724061092939327,0.6995973217456704,0.691190706679574,0.4504731861198738,17.604856512141282,0.308347531714398,0.2873677272632159,0.3040918457462467,3397,1585
S2,3,basic-long-history-v1,F4,xgboost,0.2160271906852722,0.3220501244068146,ADMITTED,PROTOTYPE_RESEARCH_OVERRIDE,MACHINE_PROVISIONAL,0.6418023716595993,0.676648665399266,0.6419650291423813,0.48643533123028393,23.73068432671082,0.3028065857250447,0.27524798174468484,0.3535472475713865,3397,1585
S2,3,basic-long-history-v1,F4,equal_soft_vote,0.21416659413606154,0.32449197740117747,ADMITTED,PROTOTYPE_RESEARCH_OVERRIDE,MACHINE_PROVISIONAL,0.6641665478761105,0.6875020020751943,0.6599118942731278,0.4725552050473186,21.30242825607064,0.30586684655488555,0.2829311535424294,0.33411833971151017,3397,1585
S2,6,basic-long-history-v1,F3,rule,0.75,0.75,DESCRIPTIVE_ONLY,PROTOTYPE_RESEARCH_OVERRIDE,MACHINE_PROVISIONAL,0.5558219140080419,0.6780132540203108,0.657051282051282,0.5726256983240223,21.65991902834008,0.21508215962441316,0.055164319248826296,0.36619718309859156,852,358
S2,6,basic-long-history-v1,F3,logistic_regression,0.3859918144200394,0.46103587662973383,DESCRIPTIVE_ONLY,PROTOTYPE_RESEARCH_OVERRIDE,MACHINE_PROVISIONAL,0.709528635867632,0.7618799900481759,0.8941176470588236,0.2122905027932961,1.8218623481781377,0.23896987068234335,0.1745391503670421,0.09976525821596244,852,358
S2,6,basic-long-history-v1,F3,hist_gradient_boosting,0.33663441066524996,0.4583640505344813,DESCRIPTIVE_ONLY,PROTOTYPE_RESEARCH_OVERRIDE,MACHINE_PROVISIONAL,0.6217486687640292,0.7041056928957546,0.5535714285714286,0.6927374301675978,40.48582995951417,0.2257855572618091,0.0999027315684683,0.5258215962441315,852,358
S2,6,basic-long-history-v1,F3,random_forest,0.3181407367640584,0.5042978494657876,DESCRIPTIVE_ONLY,PROTOTYPE_RESEARCH_OVERRIDE,MACHINE_PROVISIONAL,0.6398879951660228,0.73858367448488,0.5761589403973509,0.729050279329609,38.8663967611336,0.21773484450665612,0.11419055500947323,0.5316901408450704,852,358
S2,6,basic-long-history-v1,F3,xgboost,0.32168400287628174,0.5237636566162109,DESCRIPTIVE_ONLY,PROTOTYPE_RESEARCH_OVERRIDE,MACHINE_PROVISIONAL,0.6539801100646886,0.7352136249519372,0.568,0.7932960893854749,43.7246963562753,0.21430837178536213,0.08742682545712578,0.5868544600938967,852,358
S2,6,basic-long-history-v1,F3,equal_soft_vote,0.32715567557229114,0.4905787086916432,DESCRIPTIVE_ONLY,PROTOTYPE_RESEARCH_OVERRIDE,MACHINE_PROVISIONAL,0.6532560347130641,0.7376563454187681,0.5952380952380952,0.7681564245810056,37.85425101214575,0.21801747851110648,0.1121523142601929,0.5422535211267606,852,358
S2,6,basic-long-history-v1,F4,rule,0.75,0.75,DESCRIPTIVE_ONLY,PROTOTYPE_RESEARCH_OVERRIDE,MACHINE_PROVISIONAL,0.5860813726142925,0.6914697778038341,0.6326530612244898,0.7396963123644251,35.67567567567568,0.21899606299212598,0.06299212598425194,0.530511811023622,1016,461
S2,6,basic-long-history-v1,F4,logistic_regression,0.3859918144200394,0.46103587662973383,DESCRIPTIVE_ONLY,PROTOTYPE_RESEARCH_OVERRIDE,MACHINE_PROVISIONAL,0.6677449372948647,0.7215571319692795,0.762962962962963,0.22342733188720174,5.7657657657657655,0.25128790986237814,0.18900608747511308,0.1328740157480315,1016,461
S2,6,basic-long-history-v1,F4,hist_gradient_boosting,0.33663441066524996,0.4583640505344813,DESCRIPTIVE_ONLY,PROTOTYPE_RESEARCH_OVERRIDE,MACHINE_PROVISIONAL,0.61256246949791,0.6532489105157218,0.553030303030303,0.6334056399132321,42.52252252252252,0.24171036162288326,0.10264723097938744,0.5196850393700787,1016,461
S2,6,basic-long-history-v1,F4,random_forest,0.3181407367640584,0.5042978494657876,DESCRIPTIVE_ONLY,PROTOTYPE_RESEARCH_OVERRIDE,MACHINE_PROVISIONAL,0.6095864490211691,0.6773993082019112,0.5684575389948007,0.7114967462039046,44.86486486486486,0.2367559230251388,0.13197891082660843,0.5679133858267716,1016,461
S2,6,basic-long-history-v1,F4,xgboost,0.32168400287628174,0.5237636566162109,DESCRIPTIVE_ONLY,PROTOTYPE_RESEARCH_OVERRIDE,MACHINE_PROVISIONAL,0.6148783040072183,0.6742334525414786,0.5557377049180328,0.735357917570499,48.828828828828826,0.23377297745045147,0.08701486254888258,0.6003937007874016,1016,461
S2,6,basic-long-history-v1,F4,equal_soft_vote,0.32715567557229114,0.4905787086916432,DESCRIPTIVE_ONLY,PROTOTYPE_RESEARCH_OVERRIDE,MACHINE_PROVISIONAL,0.6191415629376471,0.6769889195051885,0.5637931034482758,0.7093275488069414,45.585585585585584,0.2360962127777346,0.10925305904285512,0.5708661417322834,1016,461
