feature,regime,n,missing_pct,mean,median,std,q25,q75,min,max
log_original_cost,APR-JUN-2025,1078,0.0,7.033682580249183,6.821957710483379,1.2993716599277183,5.954722758879874,7.880450413382503,5.058536174080804,11.58989576532275
log_original_cost,JUL-NOV-2025,1506,0.0,6.840680292808869,6.685411407838491,1.2298592470119238,5.860786223465865,7.708859601047175,4.93792122180745,11.05480297463485
log_original_cost,DEC-MAR-2026,2369,0.0,6.696466307997611,6.5849709342781555,1.1012925288152435,5.851685104579697,7.305463715073923,4.93792122180745,11.05480297463485
planned_duration_months,APR-JUN-2025,1078,0.0,77.90445269016698,62.0,59.385222102056446,39.0,96.0,3.0,431.0
planned_duration_months,JUL-NOV-2025,1367,9.229747675962816,73.07534747622532,64.0,42.54427750555823,42.0,96.0,17.0,336.0
planned_duration_months,DEC-MAR-2026,2339,1.2663571127057829,59.82599401453613,48.0,36.75944377163923,36.0,71.0,7.0,305.0
project_age_months,APR-JUN-2025,1078,0.0,66.89703153988869,44.5,65.62229484543195,25.0,85.0,1.0,413.0
project_age_months,JUL-NOV-2025,1367,9.229747675962816,47.386247256766644,35.0,40.84622863186848,20.0,63.0,1.0,316.0
project_age_months,DEC-MAR-2026,2339,1.2663571127057829,45.7943565626336,37.0,35.0982495225824,24.0,54.0,0.0,286.0
expenditure_to_cost,APR-JUN-2025,1078,0.0,0.4152257878789395,0.2951725208082622,0.4040523330355792,0.0890187806346899,0.6714168112441478,0.0,2.482421277896668
expenditure_to_cost,JUL-NOV-2025,1506,0.0,0.2824367304086491,0.15967848972432902,0.41384192233301453,0.04700812524185169,0.400585987615078,0.0,6.143486424032352
expenditure_to_cost,DEC-MAR-2026,2369,0.0,0.24467491265341781,0.12552162681327417,0.39376840261613144,0.004428942491082355,0.381519250780437,0.0,6.867923165800116
physical_progress,APR-JUN-2025,941,12.708719851576994,40.90088204038258,37.3,30.070883612598642,13.5,65.0,0.01,202.0
physical_progress,JUL-NOV-2025,1506,0.0,27.453532536520587,18.5,27.13564607629622,4.0,47.0,0.0,99.0
physical_progress,DEC-MAR-2026,2369,0.0,36.53970029548333,28.0,32.21881629470733,7.0,63.0,0.0,100.0
physical_progress_missing,APR-JUN-2025,1078,0.0,0.12708719851576994,0.0,0.33322521989063214,0.0,0.0,0.0,1.0
physical_progress_missing,JUL-NOV-2025,1506,0.0,0.0,0.0,0.0,0.0,0.0,0.0,0.0
physical_progress_missing,DEC-MAR-2026,2369,0.0,0.0,0.0,0.0,0.0,0.0,0.0,0.0
progress_delta_1m,APR-JUN-2025,925,14.192949907235622,1.4058162162162164,0.010000000000005116,10.239486293507676,0.0,1.5,-199.5,200.2
progress_delta_1m,JUL-NOV-2025,1473,2.1912350597609564,1.3537881873727087,0.0,5.389106379469176,0.0,1.0,-39.0,88.0
progress_delta_1m,DEC-MAR-2026,2369,0.0,3.1521950189953563,0.379999999999999,9.48045839053797,0.0,3.0,-22.0,99.0
progress_delta_3m,APR-JUN-2025,585,45.73283858998145,4.380358974358975,2.0,7.749832590394191,0.0,6.799999999999997,-22.6,89.9
progress_delta_3m,JUL-NOV-2025,1145,23.970783532536522,3.789117903930131,1.5,9.83328307976643,0.0,6.0,-198.0,70.0
progress_delta_3m,DEC-MAR-2026,1277,46.0953989024905,4.982638997650744,1.5199999999999996,9.587993430860989,0.0,6.0,-22.0,88.0
expenditure_delta_1m,APR-JUN-2025,1078,0.0,34.747411873840434,2.215000000000032,179.12960148042498,0.0,18.40750000000004,-1033.28,4184.0
expenditure_delta_1m,JUL-NOV-2025,1506,0.0,10.345710491367857,0.779999999999994,564.7720087202861,0.0,11.38249999999999,-20752.58,6000.500000000001
expenditure_delta_1m,DEC-MAR-2026,2369,0.0,19.766006753904602,0.20999999999999375,75.32454805062132,0.0,11.159999999999997,-437.05,1612.1
stagnant_progress_2m,APR-JUN-2025,1078,0.0,0.42393320964749537,0.0,0.49440934174650863,0.0,1.0,0.0,1.0
stagnant_progress_2m,JUL-NOV-2025,1506,0.0,0.5962815405046481,1.0,0.4908052753961545,0.0,1.0,0.0,1.0
stagnant_progress_2m,DEC-MAR-2026,2369,0.0,0.4689742507387083,0.0,0.4991418342564955,0.0,1.0,0.0,1.0
history_months,APR-JUN-2025,1078,0.0,13.660482374768089,16.0,4.900660004170502,10.0,17.0,2.0,18.0
history_months,JUL-NOV-2025,1506,0.0,12.130810092961488,11.5,7.625156407597376,4.0,20.0,2.0,23.0
history_months,DEC-MAR-2026,2369,0.0,11.602785985647953,9.0,8.398470078975018,3.0,19.0,2.0,27.0
correction_count,APR-JUN-2025,1078,0.0,0.055658627087198514,0.0,0.25249080878087227,0.0,0.0,0.0,2.0
correction_count,JUL-NOV-2025,1506,0.0,0.08233731739707835,0.0,0.2936653152325044,0.0,0.0,0.0,2.0
correction_count,DEC-MAR-2026,2369,0.0,0.06500633178556353,0.0,0.2710628985619084,0.0,0.0,0.0,2.0
