feature,regime,n,spearman_rho,p_value
log_original_cost,APR-JUN-2025,1078,0.011877727106065692,0.696875510517902
log_original_cost,JUL-NOV-2025,1506,0.016943254733179057,0.5111669353087956
log_original_cost,DEC-MAR-2026,2369,-0.06907980651043519,0.0007667601333114472
planned_duration_months,APR-JUN-2025,1078,-0.07862642904968152,0.009807645188833616
planned_duration_months,JUL-NOV-2025,1367,-0.16611428710485646,6.446958356598754e-10
planned_duration_months,DEC-MAR-2026,2339,-0.3326241067394326,1.55590971158515e-61
project_age_months,APR-JUN-2025,1078,0.34863225094463324,3.6471147121698245e-32
project_age_months,JUL-NOV-2025,1367,-0.04627654768299954,0.0872044612689518
project_age_months,DEC-MAR-2026,2339,0.13747012415358306,2.444438942893468e-11
expenditure_to_cost,APR-JUN-2025,1078,0.41725082598531227,1.1779219899095377e-46
expenditure_to_cost,JUL-NOV-2025,1506,0.05727842359849362,0.02622959467322277
expenditure_to_cost,DEC-MAR-2026,2369,0.08387910292435304,4.3577373265961034e-05
physical_progress,APR-JUN-2025,941,0.47126813990172456,3.396208719927462e-53
physical_progress,JUL-NOV-2025,1506,0.07016051977629943,0.006452957813180425
physical_progress,DEC-MAR-2026,2369,0.3982688794843134,6.967265419533714e-91
physical_progress_missing,APR-JUN-2025,1078,0.042315172843227555,0.16503345673762704
physical_progress_missing,JUL-NOV-2025,1506,,
physical_progress_missing,DEC-MAR-2026,2369,,
progress_delta_1m,APR-JUN-2025,925,0.04042726240884964,0.21930180325285759
progress_delta_1m,JUL-NOV-2025,1473,0.06288108558801742,0.015791626134548327
progress_delta_1m,DEC-MAR-2026,2369,0.1009332743687846,8.53824350632249e-07
progress_delta_3m,APR-JUN-2025,585,0.10451630176936226,0.01142459903778471
progress_delta_3m,JUL-NOV-2025,1145,0.06020298137830556,0.04167390798686549
progress_delta_3m,DEC-MAR-2026,1277,0.17202977735839337,6.105928249949229e-10
expenditure_delta_1m,APR-JUN-2025,1078,0.09960248485080897,0.001058149828451762
expenditure_delta_1m,JUL-NOV-2025,1506,0.05237193712467477,0.0421419016549217
expenditure_delta_1m,DEC-MAR-2026,2369,-0.045858079033586616,0.02561378695293472
stagnant_progress_2m,APR-JUN-2025,1078,-0.052050651704430934,0.0876085806401456
stagnant_progress_2m,JUL-NOV-2025,1506,-0.09015893629328296,0.000459966187157898
stagnant_progress_2m,DEC-MAR-2026,2369,-0.06581412724032197,0.0013500879337049552
history_months,APR-JUN-2025,1078,0.24826125779408215,1.322687430506342e-16
history_months,JUL-NOV-2025,1506,-0.02629120193332211,0.3079099431579645
history_months,DEC-MAR-2026,2369,0.03357268970156537,0.10233013678660162
correction_count,APR-JUN-2025,1078,0.04564616059797409,0.1342012709794442
correction_count,JUL-NOV-2025,1506,0.13366194637481976,1.9283292240387304e-07
correction_count,DEC-MAR-2026,2369,0.016245671429786605,0.42932325998921933
