feature,permutation_pr_auc_drop_mean,permutation_pr_auc_drop_std
history_span_months,0.08742850674454757,0.004884703995523136
cost_remaining_time,0.05314450795379877,0.006351060127750437
progress_elapsed_interaction,0.03801392517342124,0.00529524947097248
remaining_schedule_months,0.02922351606596174,0.003665258069696023
progress_vs_elapsed_gap,0.023795003404812574,0.006628316683525529
required_future_velocity,0.020958427450917295,0.0026606689730348802
low_progress_near_deadline,0.01562518945994933,0.003479180171285251
project_age_months,0.015457496398715987,0.002774757985358278
cost_progress,0.007071244687899325,0.005515466271749803
consecutive_stagnant,0.006941436394874145,0.002505878853992536
log_original_cost,0.006046871097110951,0.0013698905685798732
cumulative_cost_revision_pct,0.005839139253545645,0.0013436604504992976
schedule_feasibility_gap,0.004299069040739978,0.0026336283861644705
expenditure_to_cost,0.004190986383883044,0.0021317121709138413
deadline_proximity,0.004098884214306731,0.0017528686798778672
trailing_coverage_ratio,0.003751650592671263,0.001578566243755232
planned_duration_months,0.002973161306090111,0.0034079428280540283
elapsed_duration_fraction,0.0013679199311445345,0.001624956025614837
physical_progress,0.0010313488806425798,0.0010095309365732593
remaining_work_pct,0.0002251301747590917,0.0008394947200309948
required_vs_recent_velocity,0.00012451653658636098,0.0001659114656927599
duration_progress,0.00010410352578211768,0.0019265530316701365
physical_progress_missing,0.0,0.0
progress_acceleration,0.0,0.0
momentum_break_flag,0.0,0.0
progress_reversal_count,0.0,0.0
large_progress_jump_flag,0.0,0.0
cost_revision_count,0.0,0.0
months_since_cost_revision,0.0,0.0
velocity_change,0.0,0.0
recent_stagnation_after_activity,0.0,0.0
internal_gap_count,0.0,0.0
schema_change_count,0.0,0.0
progress_band,0.0,0.0
elapsed_time_band,0.0,0.0
large_project_flag,0.0,0.0
month_sin,0.0,0.0
month_cos,0.0,0.0
progress_velocity_last,-2.3031611004786788e-05,9.825844993991522e-06
recent_vs_history_velocity,-0.0001874656926833307,0.0012777722658042293
progress_velocity_3obs,-0.00023456289323313672,0.00018314917886338755
progress_velocity_2obs,-0.0008370303750218522,0.0013429039706345915
months_since_positive_progress,-0.0012766681226232368,0.0005364747459467353
progress_volatility,-0.005695729595994003,0.00445896556199154
