reporting_month,coverage_class,project_rows,source_status,temporal_use
2018-01,PROJECT_LEVEL,1304,ADMIT_COST_TARGET,ELIGIBLE_WHERE_CONTIGUOUS
2018-02,PROJECT_LEVEL,1304,ADMIT_COST_TARGET,ELIGIBLE_WHERE_CONTIGUOUS
2018-03,PROJECT_LEVEL,1315,ADMIT_COST_TARGET,ELIGIBLE_WHERE_CONTIGUOUS
2018-04,PROJECT_LEVEL,1332,ADMIT_COST_TARGET,ELIGIBLE_WHERE_CONTIGUOUS
2018-05,PROJECT_LEVEL,1351,ADMIT_COST_TARGET,ELIGIBLE_WHERE_CONTIGUOUS
2018-06,PROJECT_LEVEL,1362,ADMIT_COST_TARGET,ELIGIBLE_WHERE_CONTIGUOUS
2018-07,PROJECT_LEVEL,1361,ADMIT_COST_TARGET,ELIGIBLE_WHERE_CONTIGUOUS
2018-08,PROJECT_LEVEL,1417,ADMIT_COST_TARGET,ELIGIBLE_WHERE_CONTIGUOUS
2018-09,PROJECT_LEVEL,1420,ADMIT_COST_TARGET,ELIGIBLE_WHERE_CONTIGUOUS
2018-10,PROJECT_LEVEL,1452,ADMIT_COST_TARGET,ELIGIBLE_WHERE_CONTIGUOUS
2018-11,PROJECT_LEVEL,1443,ADMIT_COST_TARGET,ELIGIBLE_WHERE_CONTIGUOUS
2018-12,PROJECT_LEVEL,1424,ADMIT_COST_TARGET,ELIGIBLE_WHERE_CONTIGUOUS
2019-01,PROJECT_LEVEL,1423,ADMIT_COST_TARGET,ELIGIBLE_WHERE_CONTIGUOUS
2019-02,PROJECT_LEVEL,1423,ADMIT_COST_TARGET,ELIGIBLE_WHERE_CONTIGUOUS
2019-03,QUARANTINED,0,QUARANTINE_SEMANTICS,CENSOR_CROSSING_HORIZONS
2019-04,PROJECT_LEVEL,1453,ADMIT_COST_TARGET,ELIGIBLE_WHERE_CONTIGUOUS
2019-05,PROJECT_LEVEL,1623,ADMIT_COST_TARGET,ELIGIBLE_WHERE_CONTIGUOUS
2019-06,PROJECT_LEVEL,1608,ADMIT_COST_TARGET,ELIGIBLE_WHERE_CONTIGUOUS
2019-07,PROJECT_LEVEL,1623,ADMIT_COST_TARGET,ELIGIBLE_WHERE_CONTIGUOUS
2019-08,PROJECT_LEVEL,1634,ADMIT_COST_TARGET,ELIGIBLE_WHERE_CONTIGUOUS
2019-09,PROJECT_LEVEL,1635,ADMIT_COST_TARGET,ELIGIBLE_WHERE_CONTIGUOUS
2019-10,PROJECT_LEVEL,1636,ADMIT_COST_TARGET,ELIGIBLE_WHERE_CONTIGUOUS
2019-11,PROJECT_LEVEL,1698,ADMIT_COST_TARGET,ELIGIBLE_WHERE_CONTIGUOUS
2019-12,PROJECT_LEVEL,1701,ADMIT_COST_TARGET,ELIGIBLE_WHERE_CONTIGUOUS
2020-01,PROJECT_LEVEL,1692,ADMIT_COST_TARGET,ELIGIBLE_WHERE_CONTIGUOUS
2020-02,PROJECT_LEVEL,1688,ADMIT_COST_TARGET,ELIGIBLE_WHERE_CONTIGUOUS
2020-03,PROJECT_LEVEL,1686,ADMIT_COST_TARGET,ELIGIBLE_WHERE_CONTIGUOUS
2020-04,PROJECT_LEVEL,1682,ADMIT_COST_TARGET,ELIGIBLE_WHERE_CONTIGUOUS
2020-05,PROJECT_LEVEL,1683,ADMIT_COST_TARGET,ELIGIBLE_WHERE_CONTIGUOUS
2020-06,PROJECT_LEVEL,1683,ADMIT_COST_TARGET,ELIGIBLE_WHERE_CONTIGUOUS
2020-07,PROJECT_LEVEL,1670,ADMIT_COST_TARGET,ELIGIBLE_WHERE_CONTIGUOUS
2020-08,PROJECT_LEVEL,1661,ADMIT_COST_TARGET,ELIGIBLE_WHERE_CONTIGUOUS
2020-09,PROJECT_LEVEL,1663,ADMIT_COST_TARGET,ELIGIBLE_WHERE_CONTIGUOUS
2020-10,PROJECT_LEVEL,1666,ADMIT_COST_TARGET,ELIGIBLE_WHERE_CONTIGUOUS
2020-11,PROJECT_LEVEL,1671,ADMIT_COST_TARGET,ELIGIBLE_WHERE_CONTIGUOUS
2020-12,PROJECT_LEVEL,1687,ADMIT_COST_TARGET,ELIGIBLE_WHERE_CONTIGUOUS
2021-01,PROJECT_LEVEL,1739,ADMIT_COST_TARGET,ELIGIBLE_WHERE_CONTIGUOUS
2021-02,PROJECT_LEVEL,1736,ADMIT_COST_TARGET,ELIGIBLE_WHERE_CONTIGUOUS
2021-03,PROJECT_LEVEL,1737,ADMIT_COST_TARGET,ELIGIBLE_WHERE_CONTIGUOUS
2021-04,PROJECT_LEVEL,1737,ADMIT_COST_TARGET,ELIGIBLE_WHERE_CONTIGUOUS
2021-05,PROJECT_LEVEL,1768,ADMIT_COST_TARGET,ELIGIBLE_WHERE_CONTIGUOUS
2021-06,PROJECT_LEVEL,1770,ADMIT_COST_TARGET,ELIGIBLE_WHERE_CONTIGUOUS
2021-07,PROJECT_LEVEL,1781,ADMIT_COST_TARGET,ELIGIBLE_WHERE_CONTIGUOUS
2021-08,PROJECT_LEVEL,1718,ADMIT_COST_TARGET,ELIGIBLE_WHERE_CONTIGUOUS
2021-09,PROJECT_LEVEL,1670,ADMIT_COST_TARGET,ELIGIBLE_WHERE_CONTIGUOUS
2021-10,PROJECT_LEVEL,1680,ADMIT_COST_TARGET,ELIGIBLE_WHERE_CONTIGUOUS
2021-11,PROJECT_LEVEL,1679,ADMIT_COST_TARGET,ELIGIBLE_WHERE_CONTIGUOUS
2021-12,PROJECT_LEVEL,1673,ADMIT_COST_TARGET,ELIGIBLE_WHERE_CONTIGUOUS
2022-01,PROJECT_LEVEL,1671,ADMIT_COST_TARGET,ELIGIBLE_WHERE_CONTIGUOUS
2022-02,PROJECT_LEVEL,1565,ADMIT_COST_TARGET,ELIGIBLE_WHERE_CONTIGUOUS
2022-03,PROJECT_LEVEL,1579,ADMIT_COST_TARGET,ELIGIBLE_WHERE_CONTIGUOUS
2022-04,QUARANTINED,0,QUARANTINE_SEMANTICS,CENSOR_CROSSING_HORIZONS
2022-05,PROJECT_LEVEL,1568,ADMIT_COST_TARGET,ELIGIBLE_WHERE_CONTIGUOUS
2022-06,QUARANTINED,0,QUARANTINE_SEMANTICS,CENSOR_CROSSING_HORIZONS
2022-07,MISSING_SOURCE,0,MISSING_SOURCE,CENSOR_CROSSING_HORIZONS
2022-08,PROJECT_LEVEL,1526,FROZEN_V2_PROJECT_LEVEL,ELIGIBLE_WHERE_CONTIGUOUS
2022-09,PROJECT_LEVEL,1529,FROZEN_V2_PROJECT_LEVEL,ELIGIBLE_WHERE_CONTIGUOUS
2022-10,PROJECT_LEVEL,1521,FROZEN_V2_PROJECT_LEVEL,ELIGIBLE_WHERE_CONTIGUOUS
2022-11,PROJECT_LEVEL,1476,FROZEN_V2_PROJECT_LEVEL,ELIGIBLE_WHERE_CONTIGUOUS
2022-12,PROJECT_LEVEL,1438,FROZEN_V2_PROJECT_LEVEL,ELIGIBLE_WHERE_CONTIGUOUS
2023-01,PROJECT_LEVEL,1454,FROZEN_V2_PROJECT_LEVEL,ELIGIBLE_WHERE_CONTIGUOUS
2023-02,PROJECT_LEVEL,1418,FROZEN_V2_PROJECT_LEVEL,ELIGIBLE_WHERE_CONTIGUOUS
2023-03,PROJECT_LEVEL,1449,FROZEN_V2_PROJECT_LEVEL,ELIGIBLE_WHERE_CONTIGUOUS
2023-04,PROJECT_LEVEL,1605,FROZEN_V2_PROJECT_LEVEL,ELIGIBLE_WHERE_CONTIGUOUS
2023-05,PROJECT_LEVEL,1681,FROZEN_V2_PROJECT_LEVEL,ELIGIBLE_WHERE_CONTIGUOUS
2023-06,PROJECT_LEVEL,1643,FROZEN_V2_PROJECT_LEVEL,ELIGIBLE_WHERE_CONTIGUOUS
2023-07,PROJECT_LEVEL,1646,FROZEN_V2_PROJECT_LEVEL,ELIGIBLE_WHERE_CONTIGUOUS
2023-08,PROJECT_LEVEL,1762,FROZEN_V2_PROJECT_LEVEL,ELIGIBLE_WHERE_CONTIGUOUS
2023-09,PROJECT_LEVEL,1763,FROZEN_V2_PROJECT_LEVEL,ELIGIBLE_WHERE_CONTIGUOUS
2023-10,PROJECT_LEVEL,1788,FROZEN_V2_PROJECT_LEVEL,ELIGIBLE_WHERE_CONTIGUOUS
2023-11,PROJECT_LEVEL,1831,FROZEN_V2_PROJECT_LEVEL,ELIGIBLE_WHERE_CONTIGUOUS
2023-12,AGGREGATE_ONLY,0,FROZEN_V2_AGGREGATE_ONLY,CENSOR_CROSSING_HORIZONS
2024-01,PROJECT_LEVEL,1821,FROZEN_V2_PROJECT_LEVEL,ELIGIBLE_WHERE_CONTIGUOUS
2024-02,PROJECT_LEVEL,1902,FROZEN_V2_PROJECT_LEVEL,ELIGIBLE_WHERE_CONTIGUOUS
2024-03,PROJECT_LEVEL,1873,FROZEN_V2_PROJECT_LEVEL,ELIGIBLE_WHERE_CONTIGUOUS
2024-04,AGGREGATE_ONLY,0,FROZEN_V2_AGGREGATE_ONLY,CENSOR_CROSSING_HORIZONS
2024-05,AGGREGATE_ONLY,0,FROZEN_V2_AGGREGATE_ONLY,CENSOR_CROSSING_HORIZONS
2024-06,PROJECT_LEVEL,1810,FROZEN_V2_PROJECT_LEVEL,ELIGIBLE_WHERE_CONTIGUOUS
2024-07,PROJECT_LEVEL,1793,FROZEN_V2_PROJECT_LEVEL,ELIGIBLE_WHERE_CONTIGUOUS
2024-08,PROJECT_LEVEL,1783,FROZEN_V2_PROJECT_LEVEL,ELIGIBLE_WHERE_CONTIGUOUS
2024-09,PROJECT_LEVEL,1792,FROZEN_V2_PROJECT_LEVEL,ELIGIBLE_WHERE_CONTIGUOUS
2024-10,PROJECT_LEVEL,1747,FROZEN_V2_PROJECT_LEVEL,ELIGIBLE_WHERE_CONTIGUOUS
2024-11,PROJECT_LEVEL,1742,FROZEN_V2_PROJECT_LEVEL,ELIGIBLE_WHERE_CONTIGUOUS
2024-12,PROJECT_LEVEL,1724,FROZEN_V2_PROJECT_LEVEL,ELIGIBLE_WHERE_CONTIGUOUS
2025-01,PROJECT_LEVEL,1719,FROZEN_V2_PROJECT_LEVEL,ELIGIBLE_WHERE_CONTIGUOUS
2025-02,MISSING_SOURCE,0,FROZEN_V2_MISSING_SOURCE,CENSOR_CROSSING_HORIZONS
2025-03,PROJECT_LEVEL,1677,FROZEN_V2_PROJECT_LEVEL,ELIGIBLE_WHERE_CONTIGUOUS
2025-04,PROJECT_LEVEL,1670,FROZEN_V2_PROJECT_LEVEL,ELIGIBLE_WHERE_CONTIGUOUS
2025-05,PROJECT_LEVEL,1637,FROZEN_V2_PROJECT_LEVEL,ELIGIBLE_WHERE_CONTIGUOUS
2025-06,PROJECT_LEVEL,1595,FROZEN_V2_PROJECT_LEVEL,ELIGIBLE_WHERE_CONTIGUOUS
2025-07,PROJECT_LEVEL,791,FROZEN_V2_PROJECT_LEVEL,ELIGIBLE_WHERE_CONTIGUOUS
2025-08,PROJECT_LEVEL,800,FROZEN_V2_PROJECT_LEVEL,ELIGIBLE_WHERE_CONTIGUOUS
2025-09,PROJECT_LEVEL,794,FROZEN_V2_PROJECT_LEVEL,ELIGIBLE_WHERE_CONTIGUOUS
2025-10,PROJECT_LEVEL,820,FROZEN_V2_PROJECT_LEVEL,ELIGIBLE_WHERE_CONTIGUOUS
2025-11,PROJECT_LEVEL,823,FROZEN_V2_PROJECT_LEVEL,ELIGIBLE_WHERE_CONTIGUOUS
2025-12,PROJECT_LEVEL,1392,FROZEN_V2_PROJECT_LEVEL,ELIGIBLE_WHERE_CONTIGUOUS
2026-01,PROJECT_LEVEL,1702,FROZEN_V2_PROJECT_LEVEL,ELIGIBLE_WHERE_CONTIGUOUS
2026-02,PROJECT_LEVEL,1948,FROZEN_V2_PROJECT_LEVEL,ELIGIBLE_WHERE_CONTIGUOUS
2026-03,PROJECT_LEVEL,1941,FROZEN_V2_PROJECT_LEVEL,ELIGIBLE_WHERE_CONTIGUOUS
2026-04,PROJECT_LEVEL,1981,FROZEN_V2_PROJECT_LEVEL,ELIGIBLE_WHERE_CONTIGUOUS
2026-05,PROJECT_LEVEL,1987,FROZEN_V2_PROJECT_LEVEL,ELIGIBLE_WHERE_CONTIGUOUS
2026-06,PROJECT_LEVEL,1847,FROZEN_V2_PROJECT_LEVEL,ELIGIBLE_WHERE_CONTIGUOUS
