month,source_status,schema_family,schema_layout,project_level,stated_rows,parsed_rows,accepted_rows,identity_support,original_cost_support,revised_cost_support,anticipated_cost_support,expenditure_support,completion_support,cost_target_compatible,reason,sha256,page_count,provenance_status
2018-01,ADMIT_COST_TARGET,OCMS,OCMS_10_COLUMN:1304,YES,1304,1304,1304,EXACT_PROJECT_CODE,YES,YES,SEPARATE_FIELD,SEPARATE_FIELD,SCHEDULE/STATUS_FIELDS_ONLY; DISAPPEARANCE_NOT_COMPLETION,YES,complete row accounting; exact bracketed project codes; explicit crore header,ae5a0240f85c47bb29255dbdd0592da8742686793bf9745dc7077a58df000bbb,401,SOURCE_PROVENANCE_PARTIAL
2018-02,ADMIT_COST_TARGET,OCMS,OCMS_10_COLUMN:1304,YES,1304,1304,1304,EXACT_PROJECT_CODE,YES,YES,SEPARATE_FIELD,SEPARATE_FIELD,SCHEDULE/STATUS_FIELDS_ONLY; DISAPPEARANCE_NOT_COMPLETION,YES,complete row accounting; exact bracketed project codes; explicit crore header,1151d78db7a827e326cada5c4bad341d7d1efbf253354f75326c047073e2673c,392,SOURCE_PROVENANCE_PARTIAL
2018-03,ADMIT_COST_TARGET,OCMS,OCMS_10_COLUMN:1315,YES,1315,1315,1315,EXACT_PROJECT_CODE,YES,YES,SEPARATE_FIELD,SEPARATE_FIELD,SCHEDULE/STATUS_FIELDS_ONLY; DISAPPEARANCE_NOT_COMPLETION,YES,complete row accounting; exact bracketed project codes; explicit crore header,0220e532c90aab0b2bf4beefe91764119c5c460b2da69c541373720cacdf0b60,550,SOURCE_PROVENANCE_PARTIAL
2018-04,ADMIT_COST_TARGET,OCMS,OCMS_10_COLUMN:1332,YES,1332,1332,1332,EXACT_PROJECT_CODE,YES,YES,SEPARATE_FIELD,SEPARATE_FIELD,SCHEDULE/STATUS_FIELDS_ONLY; DISAPPEARANCE_NOT_COMPLETION,YES,complete row accounting; exact bracketed project codes; explicit crore header,7ef5a74812225cdb0949b9c9d22935c701c8cf7a3671a4c5db260d1cb60de04f,538,SOURCE_PROVENANCE_PARTIAL
2018-05,ADMIT_COST_TARGET,OCMS,OCMS_10_COLUMN:1351,YES,1351,1351,1351,EXACT_PROJECT_CODE,YES,YES,SEPARATE_FIELD,SEPARATE_FIELD,SCHEDULE/STATUS_FIELDS_ONLY; DISAPPEARANCE_NOT_COMPLETION,YES,complete row accounting; exact bracketed project codes; explicit crore header,5d58fc77a61f62eebe8e9b4b9daca4d892bf1c0484a2106ef78f85c936416e41,510,SOURCE_PROVENANCE_PARTIAL
2018-06,ADMIT_COST_TARGET,OCMS,OCMS_10_COLUMN:1362,YES,1362,1362,1362,EXACT_PROJECT_CODE,YES,YES,SEPARATE_FIELD,SEPARATE_FIELD,SCHEDULE/STATUS_FIELDS_ONLY; DISAPPEARANCE_NOT_COMPLETION,YES,complete row accounting; exact bracketed project codes; explicit crore header,8641c2c9a0b3231127aa1ca8e35390667f5ad59ed1c1c742d5bd03d10c6aa7b7,509,SOURCE_PROVENANCE_PARTIAL
2018-07,ADMIT_COST_TARGET,OCMS,OCMS_10_COLUMN:1361,YES,1361,1361,1361,EXACT_PROJECT_CODE,YES,YES,SEPARATE_FIELD,SEPARATE_FIELD,SCHEDULE/STATUS_FIELDS_ONLY; DISAPPEARANCE_NOT_COMPLETION,YES,complete row accounting; exact bracketed project codes; explicit crore header,a13a37767001f4da54f460d638adb0b6266ee69334f23df94e0046a1ba43f14b,500,SOURCE_PROVENANCE_PARTIAL
2018-08,ADMIT_COST_TARGET,OCMS,OCMS_7_COMPOUND:1417,YES,1417,1417,1417,EXACT_PROJECT_CODE,YES,YES,SEPARATE_FIELD,SEPARATE_FIELD,SCHEDULE/STATUS_FIELDS_ONLY; DISAPPEARANCE_NOT_COMPLETION,YES,complete row accounting; exact bracketed project codes; explicit crore header,4c4b7118d875f64b2be1227f85e6f46db4ffa32aae03f9ccd2c0c61b806603cd,535,SOURCE_PROVENANCE_PARTIAL
2018-09,ADMIT_COST_TARGET,OCMS,OCMS_10_COLUMN:1420,YES,1420,1420,1420,EXACT_PROJECT_CODE,YES,YES,SEPARATE_FIELD,SEPARATE_FIELD,SCHEDULE/STATUS_FIELDS_ONLY; DISAPPEARANCE_NOT_COMPLETION,YES,complete row accounting; exact bracketed project codes; explicit crore header,99f06452a07aee77548df84051c68a0c20c7a21e502c9b45ab554dc1088e9a8d,533,SOURCE_PROVENANCE_PARTIAL
2018-10,ADMIT_COST_TARGET,OCMS,OCMS_10_COLUMN:1452,YES,1452,1452,1452,EXACT_PROJECT_CODE,YES,YES,SEPARATE_FIELD,SEPARATE_FIELD,SCHEDULE/STATUS_FIELDS_ONLY; DISAPPEARANCE_NOT_COMPLETION,YES,complete row accounting; exact bracketed project codes; explicit crore header,199f5606b8e493e921e0f470bb81dd9724f5985d747791be5aa441f51c9c5a61,523,SOURCE_PROVENANCE_PARTIAL
2018-11,ADMIT_COST_TARGET,OCMS,OCMS_10_COLUMN:1443,YES,1443,1443,1443,EXACT_PROJECT_CODE,YES,YES,SEPARATE_FIELD,SEPARATE_FIELD,SCHEDULE/STATUS_FIELDS_ONLY; DISAPPEARANCE_NOT_COMPLETION,YES,complete row accounting; exact bracketed project codes; explicit crore header,0343205059593c8bd3ea161e90dad140eb544347ae6ab36642c9246a1c01810a,525,SOURCE_PROVENANCE_PARTIAL
2018-12,ADMIT_COST_TARGET,OCMS,OCMS_10_COLUMN:1424,YES,1424,1424,1424,EXACT_PROJECT_CODE,YES,YES,SEPARATE_FIELD,SEPARATE_FIELD,SCHEDULE/STATUS_FIELDS_ONLY; DISAPPEARANCE_NOT_COMPLETION,YES,complete row accounting; exact bracketed project codes; explicit crore header,aaef19f426431f6b34ba6c3809f78b8d5357fce6f84d1f221f1ae2290d216563,527,SOURCE_PROVENANCE_PARTIAL
2019-01,ADMIT_COST_TARGET,OCMS,OCMS_10_COLUMN:1423,YES,1423,1423,1423,EXACT_PROJECT_CODE,YES,YES,SEPARATE_FIELD,SEPARATE_FIELD,SCHEDULE/STATUS_FIELDS_ONLY; DISAPPEARANCE_NOT_COMPLETION,YES,complete row accounting; exact bracketed project codes; explicit crore header,3cb0b37426b58b3d6d3fec39a38f0b2f59da0b06dc7e444250bf933960793976,501,SOURCE_PROVENANCE_PARTIAL
2019-02,ADMIT_COST_TARGET,OCMS,OCMS_10_COLUMN:1423,YES,1423,1423,1423,EXACT_PROJECT_CODE,YES,YES,SEPARATE_FIELD,SEPARATE_FIELD,SCHEDULE/STATUS_FIELDS_ONLY; DISAPPEARANCE_NOT_COMPLETION,YES,complete row accounting; exact bracketed project codes; explicit crore header,171b300461b8a95e01018c6c28c796ec0dd4d4c93d82a0a15e017515b1868500,171,SOURCE_PROVENANCE_PARTIAL
2019-03,QUARANTINE_SEMANTICS,OCMS,PENDING_ROW_AUDIT,UNKNOWN,1405,0,0,NOT_ADMITTED,NOT_ADMITTED,NOT_ADMITTED,NOT_ADMITTED,NOT_ADMITTED,NOT_ADMITTED,NO,RuntimeError:2019-03 extraction gate failed: official=1405 accepted=1406 unresolved=0 duplicates=1 missing=0 reasons={} examples=[],cba0792d559f70e425e1c18e337f82ab804304907742295054826c94f32c6395,526,SOURCE_PROVENANCE_PARTIAL
2019-04,ADMIT_COST_TARGET,OCMS,OCMS_10_COLUMN:1453,YES,1453,1453,1453,EXACT_PROJECT_CODE,YES,YES,SEPARATE_FIELD,SEPARATE_FIELD,SCHEDULE/STATUS_FIELDS_ONLY; DISAPPEARANCE_NOT_COMPLETION,YES,complete row accounting; exact bracketed project codes; explicit crore header,1fc3e7e6114f6058de3c35131722ed160b6661c32338418a41e4ba3bf3cc7234,551,SOURCE_PROVENANCE_PARTIAL
2019-05,ADMIT_COST_TARGET,OCMS,OCMS_10_COLUMN:1623,YES,1623,1623,1623,EXACT_PROJECT_CODE,YES,YES,SEPARATE_FIELD,SEPARATE_FIELD,SCHEDULE/STATUS_FIELDS_ONLY; DISAPPEARANCE_NOT_COMPLETION,YES,complete row accounting; exact bracketed project codes; explicit crore header,fd821eaa9f8bc269c453aa64a4b9cef3cb4c9c16a8d633700bbd1e101bf27f28,611,SOURCE_PROVENANCE_PARTIAL
2019-06,ADMIT_COST_TARGET,OCMS,OCMS_10_COLUMN:1608,YES,1608,1608,1608,EXACT_PROJECT_CODE,YES,YES,SEPARATE_FIELD,SEPARATE_FIELD,SCHEDULE/STATUS_FIELDS_ONLY; DISAPPEARANCE_NOT_COMPLETION,YES,complete row accounting; exact bracketed project codes; explicit crore header,0f6c6d19e7689af5af46e0978c9c34d44d27b4bf4856eac09a244d01fe0b8b7b,604,SOURCE_PROVENANCE_PARTIAL
2019-07,ADMIT_COST_TARGET,OCMS,OCMS_10_COLUMN:1623,YES,1623,1623,1623,EXACT_PROJECT_CODE,YES,YES,SEPARATE_FIELD,SEPARATE_FIELD,SCHEDULE/STATUS_FIELDS_ONLY; DISAPPEARANCE_NOT_COMPLETION,YES,complete row accounting; exact bracketed project codes; explicit crore header,9390c31d48952fc6ac36ee8fb06a588483d48ada8df09198d25f82800d244cba,616,SOURCE_PROVENANCE_PARTIAL
2019-08,ADMIT_COST_TARGET,OCMS,OCMS_10_COLUMN:1634,YES,1634,1634,1634,EXACT_PROJECT_CODE,YES,YES,SEPARATE_FIELD,SEPARATE_FIELD,SCHEDULE/STATUS_FIELDS_ONLY; DISAPPEARANCE_NOT_COMPLETION,YES,complete row accounting; exact bracketed project codes; explicit crore header,d67570bc0e860df21df7451e042463a15e8f4514f9d338835bca5005d39394e7,605,SOURCE_PROVENANCE_PARTIAL
2019-09,ADMIT_COST_TARGET,OCMS,OCMS_10_COLUMN:1635,YES,1635,1635,1635,EXACT_PROJECT_CODE,YES,YES,SEPARATE_FIELD,SEPARATE_FIELD,SCHEDULE/STATUS_FIELDS_ONLY; DISAPPEARANCE_NOT_COMPLETION,YES,complete row accounting; exact bracketed project codes; explicit crore header,325dc50f4ef6c1af781e1055fbc648c9f2173a0a101c91b0ba159dae96faa4d7,613,SOURCE_PROVENANCE_PARTIAL
2019-10,ADMIT_COST_TARGET,OCMS,OCMS_10_COLUMN:1636,YES,1636,1636,1636,EXACT_PROJECT_CODE,YES,YES,SEPARATE_FIELD,SEPARATE_FIELD,SCHEDULE/STATUS_FIELDS_ONLY; DISAPPEARANCE_NOT_COMPLETION,YES,complete row accounting; exact bracketed project codes; explicit crore header,eb650e19fe30ea288253ad13d33d8a7fc89764be5a68276cd886c6225423c029,616,SOURCE_PROVENANCE_PARTIAL
2019-11,ADMIT_COST_TARGET,OCMS,OCMS_10_COLUMN:1698,YES,1698,1698,1698,EXACT_PROJECT_CODE,YES,YES,SEPARATE_FIELD,SEPARATE_FIELD,SCHEDULE/STATUS_FIELDS_ONLY; DISAPPEARANCE_NOT_COMPLETION,YES,complete row accounting; exact bracketed project codes; explicit crore header,3d88bd4e9474d3409952a3ffddf415f0cd8db26e74ba6fa480daa61604894916,630,SOURCE_PROVENANCE_PARTIAL
2019-12,ADMIT_COST_TARGET,OCMS,OCMS_10_COLUMN:1701,YES,1701,1701,1701,EXACT_PROJECT_CODE,YES,YES,SEPARATE_FIELD,SEPARATE_FIELD,SCHEDULE/STATUS_FIELDS_ONLY; DISAPPEARANCE_NOT_COMPLETION,YES,complete row accounting; exact bracketed project codes; explicit crore header,dea785f1e751ed53e99ce638b2a3a5ec798a5bab3203c3f9bee30e24839f7c67,642,SOURCE_PROVENANCE_PARTIAL
2020-01,ADMIT_COST_TARGET,OCMS,OCMS_10_COLUMN:1692,YES,1692,1692,1692,EXACT_PROJECT_CODE,YES,YES,SEPARATE_FIELD,SEPARATE_FIELD,SCHEDULE/STATUS_FIELDS_ONLY; DISAPPEARANCE_NOT_COMPLETION,YES,complete row accounting; exact bracketed project codes; explicit crore header,84aa5682d7df347d1067136805e36a085a5c90e27a2772fc280c8d85021ff6d7,647,SOURCE_PROVENANCE_PARTIAL
2020-02,ADMIT_COST_TARGET,OCMS,OCMS_10_COLUMN:1688,YES,1688,1688,1688,EXACT_PROJECT_CODE,YES,YES,SEPARATE_FIELD,SEPARATE_FIELD,SCHEDULE/STATUS_FIELDS_ONLY; DISAPPEARANCE_NOT_COMPLETION,YES,complete row accounting; exact bracketed project codes; explicit crore header,2482929aa1c05e2717d6e45fe86bf10314c0f5b86aac85bc33fe628481019dc5,623,SOURCE_PROVENANCE_PARTIAL
2020-03,ADMIT_COST_TARGET,OCMS,OCMS_10_COLUMN:1686,YES,1686,1686,1686,EXACT_PROJECT_CODE,YES,YES,SEPARATE_FIELD,SEPARATE_FIELD,SCHEDULE/STATUS_FIELDS_ONLY; DISAPPEARANCE_NOT_COMPLETION,YES,complete row accounting; exact bracketed project codes; explicit crore header,3994003f84d83de2dedf3f33ea39f28d0d800bc663273f67a6c2b352b57ba2a6,616,SOURCE_PROVENANCE_PARTIAL
2020-04,ADMIT_COST_TARGET,OCMS,OCMS_10_COLUMN:1682,YES,1682,1682,1682,EXACT_PROJECT_CODE,YES,YES,SEPARATE_FIELD,SEPARATE_FIELD,SCHEDULE/STATUS_FIELDS_ONLY; DISAPPEARANCE_NOT_COMPLETION,YES,complete row accounting; exact bracketed project codes; explicit crore header,7527877c6c06aad45ba6b97599d4d8e5ba426384ec8b286a985dc6ea104f9814,598,SOURCE_PROVENANCE_PARTIAL
2020-05,ADMIT_COST_TARGET,OCMS,OCMS_10_COLUMN:1683,YES,1683,1683,1683,EXACT_PROJECT_CODE,YES,YES,SEPARATE_FIELD,SEPARATE_FIELD,SCHEDULE/STATUS_FIELDS_ONLY; DISAPPEARANCE_NOT_COMPLETION,YES,complete row accounting; exact bracketed project codes; explicit crore header,3d42b47eeb85ee3c3cf83e5e7f304a31f6c9c0105557bdd1473d566b56555eca,597,SOURCE_PROVENANCE_PARTIAL
2020-06,ADMIT_COST_TARGET,OCMS,OCMS_10_COLUMN:1683,YES,1683,1683,1683,EXACT_PROJECT_CODE,YES,YES,SEPARATE_FIELD,SEPARATE_FIELD,SCHEDULE/STATUS_FIELDS_ONLY; DISAPPEARANCE_NOT_COMPLETION,YES,complete row accounting; exact bracketed project codes; explicit crore header,2fdfa979eaa1ae893ea90c8d0018143a0387bb8217675ce06054404890a49086,620,SOURCE_PROVENANCE_PARTIAL
2020-07,ADMIT_COST_TARGET,OCMS,OCMS_10_COLUMN:1670,YES,1670,1670,1670,EXACT_PROJECT_CODE,YES,YES,SEPARATE_FIELD,SEPARATE_FIELD,SCHEDULE/STATUS_FIELDS_ONLY; DISAPPEARANCE_NOT_COMPLETION,YES,complete row accounting; exact bracketed project codes; explicit crore header,fea04b6659906ba248e851528a5ee80c26e4b06bf90351955ccc177c4b53c540,609,SOURCE_PROVENANCE_PARTIAL
2020-08,ADMIT_COST_TARGET,OCMS,OCMS_10_COLUMN:1661,YES,1661,1661,1661,EXACT_PROJECT_CODE,YES,YES,SEPARATE_FIELD,SEPARATE_FIELD,SCHEDULE/STATUS_FIELDS_ONLY; DISAPPEARANCE_NOT_COMPLETION,YES,complete row accounting; exact bracketed project codes; explicit crore header,542bd65eb0cdde915d48f8d99fe681a39904b7cebe91569738cc7c3e6ca8b747,622,SOURCE_PROVENANCE_PARTIAL
2020-09,ADMIT_COST_TARGET,OCMS,OCMS_10_COLUMN:1663,YES,1663,1663,1663,EXACT_PROJECT_CODE,YES,YES,SEPARATE_FIELD,SEPARATE_FIELD,SCHEDULE/STATUS_FIELDS_ONLY; DISAPPEARANCE_NOT_COMPLETION,YES,complete row accounting; exact bracketed project codes; explicit crore header,a7115806de43d355c34bf927c835026bdf47aad501a43138d71b5bf5fe5780dc,620,SOURCE_PROVENANCE_PARTIAL
2020-10,ADMIT_COST_TARGET,OCMS,OCMS_7_COMPOUND:1666,YES,1666,1666,1666,EXACT_PROJECT_CODE,YES,YES,SEPARATE_FIELD,SEPARATE_FIELD,SCHEDULE/STATUS_FIELDS_ONLY; DISAPPEARANCE_NOT_COMPLETION,YES,complete row accounting; exact bracketed project codes; explicit crore header,781ed76095069ecb43f60e40983edb6ad1f02962e5a00f1dcf70724bab6432e6,590,SOURCE_PROVENANCE_PARTIAL
2020-11,ADMIT_COST_TARGET,OCMS,OCMS_7_COMPOUND:1671,YES,1671,1671,1671,EXACT_PROJECT_CODE,YES,YES,SEPARATE_FIELD,SEPARATE_FIELD,SCHEDULE/STATUS_FIELDS_ONLY; DISAPPEARANCE_NOT_COMPLETION,YES,complete row accounting; exact bracketed project codes; explicit crore header,4c917e7d94d43226921b038909ccf548d262ab72e5596f73dd54b45858fe80e6,654,SOURCE_PROVENANCE_PARTIAL
2020-12,ADMIT_COST_TARGET,OCMS,OCMS_10_COLUMN:1687,YES,1687,1687,1687,EXACT_PROJECT_CODE,YES,YES,SEPARATE_FIELD,SEPARATE_FIELD,SCHEDULE/STATUS_FIELDS_ONLY; DISAPPEARANCE_NOT_COMPLETION,YES,complete row accounting; exact bracketed project codes; explicit crore header,2eadf1f9b1cd8e6e3d91cccb228b9a1edcd78a5ddd48e39201b2da1abdd1d0b0,737,SOURCE_PROVENANCE_PARTIAL
2021-01,ADMIT_COST_TARGET,OCMS,OCMS_10_COLUMN:1739,YES,1739,1739,1739,EXACT_PROJECT_CODE,YES,YES,SEPARATE_FIELD,SEPARATE_FIELD,SCHEDULE/STATUS_FIELDS_ONLY; DISAPPEARANCE_NOT_COMPLETION,YES,complete row accounting; exact bracketed project codes; explicit crore header,30bc07af9c04d2f7b2ac76a142f11f6b9d911e15c520938996ec831da8ed2e30,768,SOURCE_PROVENANCE_PARTIAL
2021-02,ADMIT_COST_TARGET,OCMS,OCMS_10_COLUMN:1736,YES,1736,1736,1736,EXACT_PROJECT_CODE,YES,YES,SEPARATE_FIELD,SEPARATE_FIELD,SCHEDULE/STATUS_FIELDS_ONLY; DISAPPEARANCE_NOT_COMPLETION,YES,complete row accounting; exact bracketed project codes; explicit crore header,ff37f8e387aec4d346ecba430447fe475c0c0c103e0dcb99d8b7068b4078219c,738,SOURCE_PROVENANCE_PARTIAL
2021-03,ADMIT_COST_TARGET,OCMS,OCMS_10_COLUMN:1737,YES,1737,1737,1737,EXACT_PROJECT_CODE,YES,YES,SEPARATE_FIELD,SEPARATE_FIELD,SCHEDULE/STATUS_FIELDS_ONLY; DISAPPEARANCE_NOT_COMPLETION,YES,complete row accounting; exact bracketed project codes; explicit crore header,ff07877e36f71eee0a2762b87d6a1f6cece253e2418a79083f6fbddf748b2719,741,SOURCE_PROVENANCE_PARTIAL
2021-04,ADMIT_COST_TARGET,OCMS,OCMS_10_COLUMN:1737,YES,1737,1737,1737,EXACT_PROJECT_CODE,YES,YES,SEPARATE_FIELD,SEPARATE_FIELD,SCHEDULE/STATUS_FIELDS_ONLY; DISAPPEARANCE_NOT_COMPLETION,YES,complete row accounting; exact bracketed project codes; explicit crore header,4dd56a1796edbd34c4d4e39f716b0e2bf546b35ad1dfb228ff7e8c63c7fb40bf,732,SOURCE_PROVENANCE_PARTIAL
2021-05,ADMIT_COST_TARGET,OCMS,OCMS_7_COMPOUND:1768,YES,1768,1768,1768,EXACT_PROJECT_CODE,YES,YES,SEPARATE_FIELD,SEPARATE_FIELD,SCHEDULE/STATUS_FIELDS_ONLY; DISAPPEARANCE_NOT_COMPLETION,YES,complete row accounting; exact bracketed project codes; explicit crore header,35142e0b0f70dc177cd291e9c7efc83bc089da93ae2bacc73b3d706c349a5517,759,SOURCE_PROVENANCE_PARTIAL
2021-06,ADMIT_COST_TARGET,OCMS,OCMS_7_COMPOUND:1770,YES,1770,1770,1770,EXACT_PROJECT_CODE,YES,YES,SEPARATE_FIELD,SEPARATE_FIELD,SCHEDULE/STATUS_FIELDS_ONLY; DISAPPEARANCE_NOT_COMPLETION,YES,complete row accounting; exact bracketed project codes; explicit crore header,08bc5e30b0e36ec8edd4c8952061528becc3bb1f004ecaab5b41b9f58051f058,775,SOURCE_PROVENANCE_PARTIAL
2021-07,ADMIT_COST_TARGET,OCMS,OCMS_10_COLUMN:1781,YES,1781,1781,1781,EXACT_PROJECT_CODE,YES,YES,SEPARATE_FIELD,SEPARATE_FIELD,SCHEDULE/STATUS_FIELDS_ONLY; DISAPPEARANCE_NOT_COMPLETION,YES,complete row accounting; exact bracketed project codes; explicit crore header,e4f24e0ff01b1897a0512050e710e48cb9e1afe83c739e66614d17d53a5309fb,759,SOURCE_PROVENANCE_PARTIAL
2021-08,ADMIT_COST_TARGET,OCMS,OCMS_10_COLUMN:1718,YES,1718,1718,1718,EXACT_PROJECT_CODE,YES,YES,SEPARATE_FIELD,SEPARATE_FIELD,SCHEDULE/STATUS_FIELDS_ONLY; DISAPPEARANCE_NOT_COMPLETION,YES,complete row accounting; exact bracketed project codes; explicit crore header,3f91804687c7c9e2d50feda02e7864c97b73515a92b61b3454a7f494066fd60a,741,SOURCE_PROVENANCE_PARTIAL
2021-09,ADMIT_COST_TARGET,OCMS,OCMS_10_COLUMN:1670,YES,1670,1670,1670,EXACT_PROJECT_CODE,YES,YES,SEPARATE_FIELD,SEPARATE_FIELD,SCHEDULE/STATUS_FIELDS_ONLY; DISAPPEARANCE_NOT_COMPLETION,YES,complete row accounting; exact bracketed project codes; explicit crore header,16a853dad9e9aa46279f1730575ac83145b42752196f2a837cac28846811365f,718,SOURCE_PROVENANCE_PARTIAL
2021-10,ADMIT_COST_TARGET,OCMS,OCMS_10_COLUMN:1680,YES,1680,1680,1680,EXACT_PROJECT_CODE,YES,YES,SEPARATE_FIELD,SEPARATE_FIELD,SCHEDULE/STATUS_FIELDS_ONLY; DISAPPEARANCE_NOT_COMPLETION,YES,complete row accounting; exact bracketed project codes; explicit crore header,474a1b73fcb1bfc3280515906db65bc2c1e26bc8ce06716ea13d119fa683e095,716,SOURCE_PROVENANCE_PARTIAL
2021-11,ADMIT_COST_TARGET,OCMS,OCMS_10_COLUMN:1679,YES,1679,1679,1679,EXACT_PROJECT_CODE,YES,YES,SEPARATE_FIELD,SEPARATE_FIELD,SCHEDULE/STATUS_FIELDS_ONLY; DISAPPEARANCE_NOT_COMPLETION,YES,complete row accounting; exact bracketed project codes; explicit crore header,9f13cf4133c126f28870f5235e684253e0d8dee7e6e4a9ec54e099d94f51935b,715,SOURCE_PROVENANCE_PARTIAL
2021-12,ADMIT_COST_TARGET,OCMS,OCMS_10_COLUMN:1673,YES,1673,1673,1673,EXACT_PROJECT_CODE,YES,YES,SEPARATE_FIELD,SEPARATE_FIELD,SCHEDULE/STATUS_FIELDS_ONLY; DISAPPEARANCE_NOT_COMPLETION,YES,complete row accounting; exact bracketed project codes; explicit crore header,4ef05248f4e65ea66e36e111f3ac2ae207861cc66000668184e3442bbebb0f25,724,SOURCE_PROVENANCE_PARTIAL
2022-01,ADMIT_COST_TARGET,OCMS,OCMS_10_COLUMN:1671,YES,1671,1671,1671,EXACT_PROJECT_CODE,YES,YES,SEPARATE_FIELD,SEPARATE_FIELD,SCHEDULE/STATUS_FIELDS_ONLY; DISAPPEARANCE_NOT_COMPLETION,YES,complete row accounting; exact bracketed project codes; explicit crore header,7af31c36a97a7f60cd7fa069107d27ea0c0c73a0f566ddce5296df3bd8c2fb81,720,SOURCE_PROVENANCE_PARTIAL
2022-02,ADMIT_COST_TARGET,OCMS,OCMS_10_COLUMN:1565,YES,1565,1565,1565,EXACT_PROJECT_CODE,YES,YES,SEPARATE_FIELD,SEPARATE_FIELD,SCHEDULE/STATUS_FIELDS_ONLY; DISAPPEARANCE_NOT_COMPLETION,YES,complete row accounting; exact bracketed project codes; explicit crore header,171408d0169d80d424a1b2aa69674dac81fe79c12fbfc6f6adc5928e7dbf9bc0,730,SOURCE_PROVENANCE_PARTIAL
2022-03,ADMIT_COST_TARGET,OCMS,OCMS_10_COLUMN:1579,YES,1579,1579,1579,EXACT_PROJECT_CODE,YES,YES,SEPARATE_FIELD,SEPARATE_FIELD,SCHEDULE/STATUS_FIELDS_ONLY; DISAPPEARANCE_NOT_COMPLETION,YES,complete row accounting; exact bracketed project codes; explicit crore header,6de53a10ed058a5cdb53702466d6cb31ff3cd6030f7b733e1c86a5b7a036245a,707,SOURCE_PROVENANCE_PARTIAL
2022-04,QUARANTINE_SEMANTICS,OCMS,PENDING_ROW_AUDIT,UNKNOWN,1559,0,0,NOT_ADMITTED,NOT_ADMITTED,NOT_ADMITTED,NOT_ADMITTED,NOT_ADMITTED,NOT_ADMITTED,NO,RuntimeError:2022-04 extraction gate failed: official=1559 accepted=1557 unresolved=0 duplicates=0 missing=0 reasons={} examples=[],53635eb48a83cf95e236bdb39742f014b22ad208493ca55fc15be77b663641d3,708,SOURCE_PROVENANCE_PARTIAL
2022-05,ADMIT_COST_TARGET,OCMS,OCMS_10_COLUMN:1568,YES,1568,1568,1568,EXACT_PROJECT_CODE,YES,YES,SEPARATE_FIELD,SEPARATE_FIELD,SCHEDULE/STATUS_FIELDS_ONLY; DISAPPEARANCE_NOT_COMPLETION,YES,complete row accounting; exact bracketed project codes; explicit crore header,430d8da74552123aac7933810cd4a17ce33011329c9f6fa9e5f68b7a5d07ea02,720,SOURCE_PROVENANCE_PARTIAL
2022-06,QUARANTINE_SEMANTICS,OCMS_STATUS_ANNEXURES,PENDING_ROW_AUDIT,UNKNOWN,,0,0,NOT_ADMITTED,NOT_ADMITTED,NOT_ADMITTED,NOT_ADMITTED,NOT_ADMITTED,NOT_ADMITTED,NO,status-specific annexures do not evidence one complete non-overlapping project universe,fcc2bc0ae758ee3539af34b6f89e274adeffc5fa4a31345f8286e4895f139541,632,SOURCE_PROVENANCE_PARTIAL
