target,horizon_months,feature_contract,model,folds,admitted_folds,claim_status,mean_pr_auc,median_pr_auc,worst_pr_auc,std_pr_auc,mean_precision,mean_recall,mean_false_alerts_per_100,mean_brier,mean_ece
C1,3,cost-basic-long-history-v1,rule,9,9,ADMITTED_FOLDS,0.029576952898673552,0.019374157680504475,0.010220016620870343,0.02673893631775923,0.032387202629093774,0.33350105767504346,22.52474983128574,0.12920553206847718,0.29472451572233926
C1,3,cost-basic-long-history-v1,logistic_regression,9,9,ADMITTED_FOLDS,0.04151876212712932,0.0339663601313599,0.014422621876063975,0.037585640839250624,0.025371120107962213,0.022381939048605717,0.7975888152698333,0.01872752780362267,0.013002178116697464
C1,3,cost-basic-long-history-v1,hist_gradient_boosting,9,9,ADMITTED_FOLDS,0.028720226764289678,0.01546049950347287,0.012354808928826788,0.02315075083668438,0.12091503267973855,0.010813260813260813,0.1797142125068275,0.01821920596364756,0.013328207353115826
C1,3,cost-basic-long-history-v1,random_forest,9,9,ADMITTED_FOLDS,0.03424592861939603,0.02728316364076927,0.012012790467216632,0.024789413691262793,0.017241379310344827,0.027777777777777776,0.16534132942245064,0.018226947039870448,0.013438534748077088
C1,3,cost-basic-long-history-v1,xgboost,9,9,ADMITTED_FOLDS,0.032941679692331895,0.016155637681736,0.011338454815905763,0.031963007742722274,0.006984126984126985,0.03395061728395062,0.5383142813956721,0.018276089403822266,0.013211629971394828
C1,3,cost-basic-long-history-v1,equal_soft_vote,9,9,ADMITTED_FOLDS,0.03281860850327349,0.017414727794451784,0.013036871592848226,0.026882221957544576,0.009259259259259259,0.021604938271604937,0.26053500244849775,0.018209873719054366,0.013253438571845423
C1,6,cost-basic-long-history-v1,rule,8,7,ADMITTED_FOLDS,0.051018092097399347,0.03683554817275748,0.0170567823066438,0.03285601703368328,0.06603201529334328,0.32456097708519793,24.703390396837552,0.13438507836193211,0.2792251776031204
C1,6,cost-basic-long-history-v1,logistic_regression,8,7,ADMITTED_FOLDS,0.0636704632373554,0.06099586137971484,0.01868697094752665,0.03319712032260585,0.049822070584782455,0.024945868663327875,0.9662734652308246,0.03348120549054992,0.015950847097358615
C1,6,cost-basic-long-history-v1,hist_gradient_boosting,8,7,ADMITTED_FOLDS,0.053448331458508566,0.04120309414409612,0.020742126950880506,0.03156454026268616,0.04636822470923853,0.026655206800989515,1.2462029738290534,0.0336180749498997,0.014922359516897844
C1,6,cost-basic-long-history-v1,random_forest,8,7,ADMITTED_FOLDS,0.05902335353737425,0.044324846969497386,0.020291965932129504,0.03814775618704438,0.057700306003842836,0.04218663052401338,1.451258969882378,0.03347072087450046,0.014445017619940824
C1,6,cost-basic-long-history-v1,xgboost,8,7,ADMITTED_FOLDS,0.05122193687828624,0.035731883630069794,0.015085983761572707,0.03527361025040681,0.044348131304653045,0.03395398423166559,1.288512829314451,0.03363351250209963,0.01486001275696836
C1,6,cost-basic-long-history-v1,equal_soft_vote,8,7,ADMITTED_FOLDS,0.05582763813781536,0.04036445850809879,0.018658158457712265,0.0364560211586755,0.03710088131453117,0.026359068445149663,1.098148784499186,0.03352887111151743,0.014688532899795539
C1,3,cost-compact-v2,rule,1,1,ADMITTED_FOLDS,0.013400150134073772,0.013400150134073772,0.013400150134073772,0.0,0.026119402985074626,0.19444444444444445,7.5674108437228185,0.10410688665710187,0.2781205164992826
C1,3,cost-compact-v2,logistic_regression,1,1,ADMITTED_FOLDS,0.02994845902575182,0.02994845902575182,0.02994845902575182,0.0,0.04455445544554455,0.25,5.595824876775877,0.016295121747515177,0.07804950801248728
C1,3,cost-compact-v2,hist_gradient_boosting,1,1,ADMITTED_FOLDS,0.011504559628652922,0.011504559628652922,0.011504559628652922,0.0,0.006134969325153374,0.08333333333333333,14.091040881414903,0.016767810332931923,0.07307860077828107
C1,3,cost-compact-v2,random_forest,1,1,ADMITTED_FOLDS,0.014613427576792577,0.014613427576792577,0.014613427576792577,0.0,0.0056179775280898875,0.05555555555555555,10.263844592635547,0.019459933032005678,0.08463869232915375
C1,3,cost-compact-v2,xgboost,1,1,ADMITTED_FOLDS,0.016477212592645903,0.016477212592645903,0.016477212592645903,0.0,0.01282051282051282,0.1111111111111111,8.930124673818499,0.02366540177959054,0.07964194712100225
C1,3,cost-compact-v2,equal_soft_vote,1,1,ADMITTED_FOLDS,0.015515347984012415,0.015515347984012415,0.015515347984012415,0.0,0.011904761904761904,0.1111111111111111,9.625978544505653,0.01871771715897142,0.07911974674281236
C2,3,cost-basic-long-history-v1,rule,7,0,DESCRIPTIVE_ONLY,0.030517799616894985,0.017860542106352163,0.00702576112412178,0.022134570937029106,0.02843815558588551,0.5797619047619048,56.634907444987576,0.19522159508784362,0.3479098428078626
C2,3,cost-basic-long-history-v1,logistic_regression,7,0,DESCRIPTIVE_ONLY,0.0929052137478861,0.05272860530778341,0.019809902010456976,0.07285045733226052,0.17811478204503478,0.29223443223443224,13.767375665740373,0.030524916913969496,0.03343194390371602
C2,3,cost-basic-long-history-v1,hist_gradient_boosting,7,0,DESCRIPTIVE_ONLY,0.030143723038704686,0.019772974489963444,0.0056821579856398356,0.02031665217545609,0.0,0.0,1.482479784366577,0.028452527980899315,0.02141936240080888
C2,3,cost-basic-long-history-v1,random_forest,7,0,DESCRIPTIVE_ONLY,0.030758510567800736,0.01970047058705644,0.00641745049235715,0.019157159639469724,0.005870841487279843,0.017142857142857144,1.951361027544442,0.028444801315129015,0.023837407178801246
C2,3,cost-basic-long-history-v1,xgboost,7,0,DESCRIPTIVE_ONLY,0.04466405157733879,0.015449370684938301,0.012293773051984171,0.040317251266211364,0.0,0.0,0.03369272237196765,0.028614220949200662,0.023671881055459938
C2,3,cost-basic-long-history-v1,equal_soft_vote,7,0,DESCRIPTIVE_ONLY,0.030126232446040326,0.015760176143366035,0.00583072112338026,0.020629674411661067,0.0,0.0,0.14261944378416924,0.028420388747884866,0.02292012536044852
C1,3,cost-basic-long-history-v1-recent-24m,rule,9,9,ADMITTED_FOLDS,0.029576952898673552,0.019374157680504475,0.010220016620870343,0.02673893631775923,0.032387202629093774,0.33350105767504346,22.52474983128574,0.12920553206847718,0.29472451572233926
C1,3,cost-basic-long-history-v1-recent-24m,logistic_regression,9,9,ADMITTED_FOLDS,0.03952357220429817,0.018837957130696685,0.011433884348501396,0.04403003273191785,0.0769980506822612,0.012303399289700659,0.3592631703168689,0.018698085027382644,0.018494702618312178
C1,3,cost-basic-long-history-v1-recent-24m,hist_gradient_boosting,9,9,ADMITTED_FOLDS,0.01969931086015987,0.016512031493636375,0.010578815361644827,0.0076708278362401594,0.0009384384384384385,0.0154320987654321,1.891047324506298,0.018972459542967886,0.0183093727447399
C1,3,cost-basic-long-history-v1-recent-24m,random_forest,9,9,ADMITTED_FOLDS,0.02632098504037918,0.014387782775618611,0.011563806118971062,0.018671191652002705,0.00034399724802201587,0.0030864197530864196,1.037337714635482,0.019545051569522767,0.019698246618188805
C1,3,cost-basic-long-history-v1-recent-24m,xgboost,9,9,ADMITTED_FOLDS,0.024629480391651765,0.016438270246507944,0.01167995757689632,0.017743164613392183,0.0014775413711583924,0.0154320987654321,1.1951934538191424,0.01974189643987259,0.019465559775063757
C1,3,cost-basic-long-history-v1-recent-24m,equal_soft_vote,9,9,ADMITTED_FOLDS,0.025630344346010227,0.015277870093169088,0.012690768011567367,0.01708532352519942,0.0007002801120448179,0.009259259259259259,1.523791114976966,0.019283553805489004,0.01915772637933082
C1,3,cost-basic-long-history-v1-recent-36m,rule,9,9,ADMITTED_FOLDS,0.029576952898673552,0.019374157680504475,0.010220016620870343,0.02673893631775923,0.032387202629093774,0.33350105767504346,22.52474983128574,0.12920553206847718,0.29472451572233926
C1,3,cost-basic-long-history-v1-recent-36m,logistic_regression,9,9,ADMITTED_FOLDS,0.04701323630031766,0.023827455865889205,0.016133208233845786,0.05949308979287394,0.04332634521313766,0.010036260036260035,0.1816524520669221,0.018635085895479627,0.01175226026194889
C1,3,cost-basic-long-history-v1-recent-36m,hist_gradient_boosting,9,9,ADMITTED_FOLDS,0.02597562149462655,0.017670284808890394,0.011440086158657659,0.01739086967776163,0.0,0.0,0.0,0.018216565025969453,0.012996617651798192
C1,3,cost-basic-long-history-v1-recent-36m,random_forest,9,9,ADMITTED_FOLDS,0.030539973875365414,0.028204892174957707,0.013474554452767892,0.01773579054723198,0.0,0.0,0.016107728488128605,0.01821892820707626,0.013097460503332886
C1,3,cost-basic-long-history-v1-recent-36m,xgboost,9,9,ADMITTED_FOLDS,0.020364548063709412,0.016155637681736,0.011338454815905763,0.00807606535596613,0.004357298474945533,0.006172839506172839,0.1578557391836603,0.018221500374063785,0.012746623334614031
C1,3,cost-basic-long-history-v1-recent-36m,equal_soft_vote,9,9,ADMITTED_FOLDS,0.02849958923027973,0.024265767981174496,0.013263317840357853,0.016980267192100537,0.0,0.0,0.03221545697625721,0.01820640650095663,0.012946900496581702
C1,3,cost-basic-long-history-v1-recent-48m,rule,9,9,ADMITTED_FOLDS,0.029576952898673552,0.019374157680504475,0.010220016620870343,0.02673893631775923,0.032387202629093774,0.33350105767504346,22.52474983128574,0.12920553206847718,0.29472451572233926
C1,3,cost-basic-long-history-v1-recent-48m,logistic_regression,9,9,ADMITTED_FOLDS,0.04554824393623121,0.03392305025544508,0.016133208233845786,0.0430319161245361,0.028758169934640525,0.010036260036260035,0.1790520413256949,0.018610047628362228,0.011355446679771737
C1,3,cost-basic-long-history-v1-recent-48m,hist_gradient_boosting,9,9,ADMITTED_FOLDS,0.01931417416896046,0.01546049950347287,0.010392714907478718,0.008940493500202417,0.0,0.0,0.003221545697625721,0.018226516449689513,0.012803089724565807
C1,3,cost-basic-long-history-v1-recent-48m,random_forest,9,9,ADMITTED_FOLDS,0.026979186394207717,0.02728316364076927,0.010981577843471228,0.014760874458151054,0.0,0.0,0.02899391127863149,0.018241089026631477,0.013116728334499872
C1,3,cost-basic-long-history-v1-recent-48m,xgboost,9,9,ADMITTED_FOLDS,0.020370809198105952,0.016155637681736,0.010096397423922671,0.00872659441835473,0.0025252525252525255,0.0030864197530864196,0.138526464997906,0.018215025199491967,0.012633972713732424
C1,3,cost-basic-long-history-v1-recent-48m,equal_soft_vote,9,9,ADMITTED_FOLDS,0.023424430641572305,0.017414727794451784,0.010317607459274018,0.01246428880090737,0.0,0.0,0.038658548371508644,0.018214929593314555,0.0128512635909327
C2,3,cost-basic-long-history-v1-recent-24m,rule,6,0,DESCRIPTIVE_ONLY,0.034433139365690514,0.033489718076303854,0.010292201417275049,0.02154731007700531,0.028180724742082042,0.6097222222222222,61.94205646729416,0.1951911973917114,0.3438339266794306
C2,3,cost-basic-long-history-v1-recent-24m,logistic_regression,6,0,DESCRIPTIVE_ONLY,0.07705092742493413,0.04937308831649272,0.02121650268161896,0.06213633777241188,0.04309497279937078,0.14068376068376068,6.376813481844876,0.03272806935361028,0.02570379415873439
C2,3,cost-basic-long-history-v1-recent-24m,hist_gradient_boosting,6,0,DESCRIPTIVE_ONLY,0.031811117670193935,0.024992091515920644,0.016837155171344473,0.014771106942812421,0.0,0.0,2.9959537449800107,0.03158587181470573,0.02118297829543096
C2,3,cost-basic-long-history-v1-recent-24m,random_forest,6,0,DESCRIPTIVE_ONLY,0.04354790675608793,0.046850802801054525,0.013027867319498204,0.020685493410045108,0.012012012012012012,0.10666666666666667,5.744690817074975,0.031265785812494395,0.021523184672120155
C2,3,cost-basic-long-history-v1-recent-24m,xgboost,6,0,DESCRIPTIVE_ONLY,0.04228746094986052,0.0492379571032041,0.014216473757839935,0.02121549605952477,0.005555555555555556,0.006666666666666667,1.6621907377818204,0.03135802943024154,0.018573897890504232
C2,3,cost-basic-long-history-v1-recent-24m,equal_soft_vote,6,0,DESCRIPTIVE_ONLY,0.0409476936928379,0.043540332662943666,0.014837385377191172,0.019021666458705216,0.0040650406504065045,0.006666666666666667,1.7128715879158938,0.03123213687019169,0.019045044304175873
C2,3,cost-basic-long-history-v1-recent-36m,rule,7,0,DESCRIPTIVE_ONLY,0.030517799616894985,0.017860542106352163,0.00702576112412178,0.022134570937029106,0.02843815558588551,0.5797619047619048,56.634907444987576,0.19522159508784362,0.3479098428078626
C2,3,cost-basic-long-history-v1-recent-36m,logistic_regression,7,0,DESCRIPTIVE_ONLY,0.08992299050410757,0.08684986510554499,0.011397483537814588,0.06956738021378875,0.23616486068111456,0.17684981684981685,6.009002223952,0.028457994956227004,0.02252284140439911
C2,3,cost-basic-long-history-v1-recent-36m,hist_gradient_boosting,7,0,DESCRIPTIVE_ONLY,0.03583104456269413,0.019772974489963444,0.01028304752365657,0.03004920694366194,0.017305672268907564,0.0638095238095238,3.067598103191297,0.028734090285349585,0.023589895991010364
C2,3,cost-basic-long-history-v1-recent-36m,random_forest,7,0,DESCRIPTIVE_ONLY,0.03629286460901897,0.01970047058705644,0.010487628299057538,0.02549371937846889,0.012951978821085083,0.0638095238095238,3.6715398848846346,0.028656761345261576,0.02534760852421397
C2,3,cost-basic-long-history-v1-recent-36m,xgboost,7,0,DESCRIPTIVE_ONLY,0.033312697091132965,0.014216473757839935,0.009296630121154769,0.02778617305688142,0.011583011583011584,0.017142857142857144,0.8081768481102924,0.028613190768851274,0.024161993130850348
C2,3,cost-basic-long-history-v1-recent-36m,equal_soft_vote,7,0,DESCRIPTIVE_ONLY,0.03520602616431255,0.01721446420346562,0.014549184524858772,0.026865617841299812,0.023323615160349854,0.045714285714285714,0.9993677864934104,0.028567474916622038,0.024792607303453226
C2,3,cost-basic-long-history-v1-recent-48m,rule,7,0,DESCRIPTIVE_ONLY,0.030517799616894985,0.017860542106352163,0.00702576112412178,0.022134570937029106,0.02843815558588551,0.5797619047619048,56.634907444987576,0.19522159508784362,0.3479098428078626
C2,3,cost-basic-long-history-v1-recent-48m,logistic_regression,7,0,DESCRIPTIVE_ONLY,0.09318223786965162,0.07224604235103094,0.02121650268161896,0.0704728877627483,0.16708676880035508,0.21047619047619048,7.593130979383299,0.028646956354427218,0.02445170979994105
C2,3,cost-basic-long-history-v1-recent-48m,hist_gradient_boosting,7,0,DESCRIPTIVE_ONLY,0.03257794245981685,0.019772974489963444,0.0064801904633308306,0.022896617247471142,0.016483516483516484,0.017142857142857144,3.0428710889280572,0.028778601167798068,0.024368963874897065
C2,3,cost-basic-long-history-v1-recent-48m,random_forest,7,0,DESCRIPTIVE_ONLY,0.032827607548885286,0.01970047058705644,0.012421437919629047,0.02010305806197333,0.010213032581453634,0.13523809523809524,7.875758146452283,0.02906282715294378,0.026365773260542652
C2,3,cost-basic-long-history-v1-recent-48m,xgboost,7,0,DESCRIPTIVE_ONLY,0.03802203395683214,0.014216473757839935,0.006533083402873519,0.03159528844563635,0.019841269841269844,0.028571428571428574,0.7368671262182077,0.028923244662755972,0.026883153528925785
C2,3,cost-basic-long-history-v1-recent-48m,equal_soft_vote,7,0,DESCRIPTIVE_ONLY,0.03316044634084247,0.015760176143366035,0.009401369200725925,0.02319917678507369,0.015306122448979591,0.017142857142857144,0.6110940436200224,0.028807540871450408,0.025654535258342628
