anchor_month,horizon_months,calendar_months_in_window,project_level_months_available,unavailable_months,observability_status
2023-07,3,3,3,,FULLY_OBSERVABLE
2023-07,6,6,5,2023-12,CENSORED_BY_GAP
2023-07,12,12,9,2023-12|2024-04|2024-05,CENSORED_BY_GAP
2023-08,3,3,3,,FULLY_OBSERVABLE
2023-08,6,6,5,2023-12,CENSORED_BY_GAP
2023-08,12,12,8,2023-12|2024-04|2024-05|2024-08,CENSORED_BY_GAP
2023-09,3,3,2,2023-12,CENSORED_BY_GAP
2023-09,6,6,5,2023-12,CENSORED_BY_GAP
2023-09,12,12,7,2023-12|2024-04|2024-05|2024-08|2024-09,CENSORED_BY_GAP
2023-10,3,3,2,2023-12,CENSORED_BY_GAP
2023-10,6,6,4,2023-12|2024-04,CENSORED_BY_GAP
2023-10,12,12,7,2023-12|2024-04|2024-05|2024-08|2024-09,CENSORED_BY_GAP
2023-11,3,3,2,2023-12,CENSORED_BY_GAP
2023-11,6,6,3,2023-12|2024-04|2024-05,CENSORED_BY_GAP
2023-11,12,12,7,2023-12|2024-04|2024-05|2024-08|2024-09,CENSORED_BY_GAP
2023-12,3,3,3,,FULLY_OBSERVABLE
2023-12,6,6,4,2024-04|2024-05,CENSORED_BY_GAP
2023-12,12,12,8,2024-04|2024-05|2024-08|2024-09,CENSORED_BY_GAP
2024-01,3,3,2,2024-04,CENSORED_BY_GAP
2024-01,6,6,4,2024-04|2024-05,CENSORED_BY_GAP
2024-01,12,12,8,2024-04|2024-05|2024-08|2024-09,CENSORED_BY_GAP
2024-02,3,3,1,2024-04|2024-05,CENSORED_BY_GAP
2024-02,6,6,3,2024-04|2024-05|2024-08,CENSORED_BY_GAP
2024-02,12,12,7,2024-04|2024-05|2024-08|2024-09|2025-02,CENSORED_BY_GAP
2024-03,3,3,1,2024-04|2024-05,CENSORED_BY_GAP
2024-03,6,6,2,2024-04|2024-05|2024-08|2024-09,CENSORED_BY_GAP
2024-03,12,12,7,2024-04|2024-05|2024-08|2024-09|2025-02,CENSORED_BY_GAP
2024-04,3,3,2,2024-05,CENSORED_BY_GAP
2024-04,6,6,3,2024-05|2024-08|2024-09,CENSORED_BY_GAP
2024-04,12,12,8,2024-05|2024-08|2024-09|2025-02,CENSORED_BY_GAP
2024-05,3,3,2,2024-08,CENSORED_BY_GAP
2024-05,6,6,4,2024-08|2024-09,CENSORED_BY_GAP
2024-05,12,12,9,2024-08|2024-09|2025-02,CENSORED_BY_GAP
2024-06,3,3,1,2024-08|2024-09,CENSORED_BY_GAP
2024-06,6,6,4,2024-08|2024-09,CENSORED_BY_GAP
2024-06,12,12,9,2024-08|2024-09|2025-02,CENSORED_BY_GAP
2024-07,3,3,1,2024-08|2024-09,CENSORED_BY_GAP
2024-07,6,6,4,2024-08|2024-09,CENSORED_BY_GAP
2024-07,12,12,9,2024-08|2024-09|2025-02,CENSORED_BY_GAP
2024-08,3,3,2,2024-09,CENSORED_BY_GAP
2024-08,6,6,4,2024-09|2025-02,CENSORED_BY_GAP
2024-08,12,12,10,2024-09|2025-02,CENSORED_BY_GAP
2024-09,3,3,3,,FULLY_OBSERVABLE
2024-09,6,6,5,2025-02,CENSORED_BY_GAP
2024-09,12,12,11,2025-02,CENSORED_BY_GAP
2024-10,3,3,3,,FULLY_OBSERVABLE
2024-10,6,6,5,2025-02,CENSORED_BY_GAP
2024-10,12,12,11,2025-02,CENSORED_BY_GAP
2024-11,3,3,2,2025-02,CENSORED_BY_GAP
2024-11,6,6,5,2025-02,CENSORED_BY_GAP
2024-11,12,12,11,2025-02,CENSORED_BY_GAP
2024-12,3,3,2,2025-02,CENSORED_BY_GAP
2024-12,6,6,5,2025-02,CENSORED_BY_GAP
2024-12,12,12,11,2025-02,CENSORED_BY_GAP
2025-01,3,3,2,2025-02,CENSORED_BY_GAP
2025-01,6,6,5,2025-02,CENSORED_BY_GAP
2025-01,12,12,11,2025-02,CENSORED_BY_GAP
2025-02,3,3,3,,FULLY_OBSERVABLE
2025-02,6,6,6,,FULLY_OBSERVABLE
2025-02,12,12,12,,FULLY_OBSERVABLE
2025-03,3,3,3,,FULLY_OBSERVABLE
2025-03,6,6,6,,FULLY_OBSERVABLE
2025-03,12,12,12,,FULLY_OBSERVABLE
2025-04,3,3,3,,FULLY_OBSERVABLE
2025-04,6,6,6,,FULLY_OBSERVABLE
2025-04,12,12,12,,FULLY_OBSERVABLE
2025-05,3,3,3,,FULLY_OBSERVABLE
2025-05,6,6,6,,FULLY_OBSERVABLE
2025-05,12,12,12,,FULLY_OBSERVABLE
2025-06,3,3,3,,FULLY_OBSERVABLE
2025-06,6,6,6,,FULLY_OBSERVABLE
2025-06,12,12,12,,FULLY_OBSERVABLE
2025-07,3,3,3,,FULLY_OBSERVABLE
2025-07,6,6,6,,FULLY_OBSERVABLE
2025-07,12,11,11,,RIGHT_CENSORED
2025-08,3,3,3,,FULLY_OBSERVABLE
2025-08,6,6,6,,FULLY_OBSERVABLE
2025-08,12,10,10,,RIGHT_CENSORED
2025-09,3,3,3,,FULLY_OBSERVABLE
2025-09,6,6,6,,FULLY_OBSERVABLE
2025-09,12,9,9,,RIGHT_CENSORED
2025-10,3,3,3,,FULLY_OBSERVABLE
2025-10,6,6,6,,FULLY_OBSERVABLE
2025-10,12,8,8,,RIGHT_CENSORED
2025-11,3,3,3,,FULLY_OBSERVABLE
2025-11,6,6,6,,FULLY_OBSERVABLE
2025-11,12,7,7,,RIGHT_CENSORED
2025-12,3,3,3,,FULLY_OBSERVABLE
2025-12,6,6,6,,FULLY_OBSERVABLE
2025-12,12,6,6,,RIGHT_CENSORED
2026-01,3,3,3,,FULLY_OBSERVABLE
2026-01,6,5,5,,RIGHT_CENSORED
2026-01,12,5,5,,RIGHT_CENSORED
2026-02,3,3,3,,FULLY_OBSERVABLE
2026-02,6,4,4,,RIGHT_CENSORED
2026-02,12,4,4,,RIGHT_CENSORED
2026-03,3,3,3,,FULLY_OBSERVABLE
2026-03,6,3,3,,RIGHT_CENSORED
2026-03,12,3,3,,RIGHT_CENSORED
2026-04,3,2,2,,RIGHT_CENSORED
2026-04,6,2,2,,RIGHT_CENSORED
2026-04,12,2,2,,RIGHT_CENSORED
2026-05,3,1,1,,RIGHT_CENSORED
2026-05,6,1,1,,RIGHT_CENSORED
2026-05,12,1,1,,RIGHT_CENSORED
2026-06,3,0,0,,RIGHT_CENSORED
2026-06,6,0,0,,RIGHT_CENSORED
2026-06,12,0,0,,RIGHT_CENSORED
