horizon,risk_category,n,mean_predicted_risk,actual_event_rate,positive_count
T+1,LOW,1804,0.13549104752396612,0.04767184035476718,86
T+1,MEDIUM,2511,0.2901125361802179,0.10911987256073277,274
T+1,HIGH,2093,0.4834293526138982,0.21978021978021978,460
T+1,VERY_HIGH,164,0.651358241141649,0.40853658536585363,67
T+1,EXTREME,1,0.8028187380854003,0.0,0
T+2,LOW,1082,0.1284217090626383,0.10628465804066543,115
T+2,MEDIUM,1185,0.281331340048638,0.1848101265822785,219
T+2,HIGH,1523,0.5160601319893496,0.4156270518713066,633
T+2,VERY_HIGH,1046,0.6672647813456094,0.49235181644359466,515
T+2,EXTREME,40,0.8272243434284234,0.525,21
T+3,LOW,815,0.11544667857704245,0.14478527607361963,118
T+3,MEDIUM,549,0.2763620563092991,0.22404371584699453,123
T+3,HIGH,837,0.5175541864705978,0.5686977299880526,476
T+3,VERY_HIGH,960,0.6846902593071957,0.6989583333333333,671
T+3,EXTREME,76,0.8360905735909355,0.6578947368421053,50
T+4,LOW,375,0.10448771014079436,0.12,45
T+4,MEDIUM,231,0.29068079137278136,0.21645021645021645,50
T+4,HIGH,393,0.5059433173493548,0.6030534351145038,237
T+4,VERY_HIGH,580,0.7005181216368959,0.8224137931034483,477
T+4,EXTREME,116,0.8351493944466843,0.8448275862068966,98
T+5,LOW,125,0.12520756274801442,0.056,7
T+5,MEDIUM,132,0.2912410563259677,0.09848484848484848,13
T+5,HIGH,180,0.5032625584866336,0.5722222222222222,103
T+5,VERY_HIGH,279,0.7110707357800437,0.8853046594982079,247
T+5,EXTREME,68,0.8329160706763753,0.8676470588235294,59
