model,horizon,train_n,validation_n,test_n,train_positive,validation_positive,test_positive,selected_threshold,validation_accuracy,validation_precision,validation_recall,validation_f1,validation_f2,validation_roc_auc,validation_pr_auc,validation_brier,test_accuracy,test_precision,test_recall,test_f1,test_f2,test_roc_auc,test_pr_auc,test_brier,test_mean_predicted_risk,test_actual_positive_rate,test_calibration_gap,test_tn,test_fp,test_fn,test_tp
Logistic Regression,risk_by_t_plus_1,2155,1413,6573,111,85,887,0.45,0.6256192498230715,0.12116040955631399,0.8352941176470589,0.21162444113263784,0.3833693304535637,0.7230953224663359,0.10722677112698954,0.23667828095723198,0.6922257720979765,0.21992110453648916,0.5028184892897407,0.3060034305317324,0.3999282639885222,0.6822086407763526,0.2500391749635687,0.1861711868765893,0.33921302509216655,0.13494599117602313,0.20426703391614343,4104,1582,441,446
Random Forest,risk_by_t_plus_1,2155,1413,6573,111,85,887,0.3,0.5951875442321303,0.11410459587955626,0.8470588235294118,0.2011173184357542,0.3707518022657055,0.7389174344436569,0.11299361459351939,0.13210974464227576,0.5692986459759622,0.20509708737864077,0.762119503945885,0.32321300502032035,0.4938632378725891,0.6965162163759085,0.25989212485056296,0.14879670046392643,0.31832369289334655,0.13494599117602313,0.18337770171732343,3066,2620,211,676
Logistic Regression,risk_by_t_plus_2,2091,1393,4876,231,128,1503,0.55,0.5936826992103375,0.16203703703703703,0.8203125,0.2706185567010309,0.4525862068965517,0.7201025197628458,0.1577963766551588,0.2868477523904807,0.6058244462674324,0.38210467079347216,0.4517631403858949,0.4140243902439024,0.435871100269611,0.6131529805297006,0.4137637075652246,0.2641569898363015,0.4304506778447382,0.3082444626743232,0.12220621517041502,2275,1098,824,679
Random Forest,risk_by_t_plus_2,2091,1393,4876,231,128,1503,0.5,0.6941852117731515,0.202,0.7890625,0.321656050955414,0.4990118577075099,0.8121788537549407,0.37463293379243984,0.17578105222942922,0.6751435602953241,0.4802535348610434,0.6553559547571524,0.554305008441193,0.6108148331886395,0.7062773356340979,0.4584728404529191,0.20262029189042816,0.4079855297801138,0.3082444626743232,0.09974106710579062,2307,1066,518,985
Logistic Regression,risk_by_t_plus_3,2048,1369,3237,356,442,1438,0.2,0.5390796201607012,0.410933081998115,0.9864253393665159,0.5801729873586161,0.7705903145987981,0.7780901755773257,0.6029359760359552,0.20863030546691066,0.584491813407476,0.518401266323704,0.9109874826147427,0.6607818411097099,0.7911583524580263,0.6606529202980175,0.5891126451897261,0.25270119880036096,0.47155599704653617,0.4442384924312635,0.02731750461527266,582,1217,128,1310
Random Forest,risk_by_t_plus_3,2048,1369,3237,356,442,1438,0.4,0.7209642074506939,0.5412087912087912,0.8914027149321267,0.6735042735042736,0.7892628205128205,0.8390443556063203,0.6920899839815705,0.15838060065652546,0.7167130058696324,0.6390816871329418,0.8324061196105702,0.7230443974630021,0.7849180327868852,0.772993573156467,0.6718038344738204,0.19063662881817134,0.4324529498170541,0.4442384924312635,0.011785542614209388,1123,676,241,1197
Logistic Regression,risk_by_t_plus_4,2000,1341,1695,461,538,907,0.1,0.5816554809843401,0.4893419833178869,0.9814126394052045,0.6530612244897959,0.8170844939647168,0.8338063118324868,0.7329146903276291,0.1665257057336096,0.664306784660767,0.6173611111111111,0.980154355016538,0.7575628461866212,0.8770718232044199,0.8557091208256148,0.8412096191859887,0.1531695231764971,0.5210035386445715,0.5351032448377581,0.014099706193186567,237,551,18,889
Random Forest,risk_by_t_plus_4,2000,1341,1695,461,538,907,0.25,0.6935123042505593,0.5734104046242775,0.9219330855018587,0.707056307911618,0.8220086178322837,0.8380168235288671,0.7802130529286412,0.15974151024081923,0.7321533923303835,0.6801909307875895,0.9426681367144433,0.7902033271719039,0.8751279426816786,0.8367351507451911,0.8156400137566198,0.16604914471520885,0.4768989487512813,0.5351032448377581,0.05820429608647676,386,402,52,855
Logistic Regression,risk_by_t_plus_5,1950,1304,784,580,582,429,0.2,0.6311349693251533,0.5490767735665695,0.9707903780068728,0.7014276846679082,0.8415251712838844,0.8142164282110592,0.721581081927612,0.17954571811474876,0.6938775510204082,0.6465116279069767,0.972027972027972,0.776536312849162,0.8831003811944091,0.8180045306805871,0.800149410762736,0.17174081243991518,0.5339874227104471,0.5471938775510204,0.013206454840573367,127,228,12,417
Random Forest,risk_by_t_plus_5,1950,1304,784,580,582,429,0.35,0.7684049079754601,0.6686746987951807,0.9536082474226805,0.7861189801699717,0.8787207093096897,0.8923499062360186,0.8470477862361341,0.1406599604203955,0.798469387755102,0.7450271247739603,0.9603729603729604,0.8391038696537678,0.9078889378580872,0.8913687251715422,0.8690117382210142,0.141915565306496,0.5098329762688129,0.5471938775510204,0.03736090128220759,214,141,17,412
